Username,Date,Post,Post sentiment,Post subjectivity,Comments,Reactions,Reposts
Matthew George,15-03-2023,"Found this a particularly compelling observation about how fast things are moving in this space -- ""ChatGPT, which uses A.I. to guess what word comes next, is rapidly improving. A few months ago, it couldnâ€™t write a proper haiku; now it can do so with gusto."" How Siri, Alexa and Google Assistant Lost the A.I. Race",0.4005,0.28,0,0,0
Scott Arpajian,15-03-2023,"Good read from the NY Times on why voice-activated chat devices (Siri, Alexa, Google Assistant) have failed vs. Chatbots (ChatGPT) despite a 10 year head start and heavy investment.",-0.1027,0.4666666666666667,0,0,0
Tonnie Taller,15-03-2023,"How Siri, Alexa and Google Assistant Lost the A.I.Â Race",-0.3182,0.0,0,0,0
Alexander Steiner,15-03-2023,"ğ—¥ğ—£ğ—” ğ—¶ğ˜€ğ˜ ğ—´ğ—²ğ—»ğ—®ğ˜‚ğ˜€ğ—¼ ğ˜ğ—¼ğ˜ ğ˜„ğ—¶ğ—² ğ—±ğ—¶ğ—² ğ—°ğ—¼ğ—ºğ—ºğ—®ğ—»ğ—± ğ—¹ğ—¶ğ—»ğ—²! âŒSeit Jahrzehnten bekommen wir das Versprechen, dass wir Befehle nicht mehr als Code eingeben mÃ¼ssen.HierfÃ¼r gab es schon die unterschiedlichsten AnsÃ¤tze, die natÃ¼rlich Ã¼ber die Zeit hin immer besser und ausgefeilter wurden.Â  ğŸ™ŒAlternativen fÃ¼r die Command Line sollen nach dem Willen der Entwickler unter anderem sein:ğŸ”¹ Die grafische BenutzeroberflÃ¤che (GUI), die durch Icons, Buttons und MenÃ¼s die Interaktion mit dem Computer erleichtert und weniger technisches Wissen erfordert als die Command Line.ğŸ”¹ Die ""Natural Language Interfaces"", die es ermÃ¶glichen, den Computer in natÃ¼rlicher Sprache zu steuern, Ã¤hnlich wie man mit einem menschlichen GesprÃ¤chspartner sprechen wÃ¼rde.ğŸ”¹ Und nicht zu vergessen Sprachassistenten wie Siri, Google Assistant und Alexa. Auch diese kÃ¶nnten als Alternative zur Command Line betrachtet werden, da sie es ermÃ¶glichen, Aufgaben und Befehle durch Spracheingabe zu steuern.Trotz des Fortschritts auf vielen Gebieten, werden oftmals die Versprechen, die mit der Vorstellung solcher Technologien einhergegangenen sind, selten und meist nur in Teilen gehalten. Fakt ist, dass wir auch heute bei der Bedienung unseres Computers bei bestimmten Aktionen nicht umhinkommen, das Eingabefenster Ã¶ffnen zu mÃ¼ssen und einen entsprechenden Befehl dort einzugeben.ğŸ‘‰  Warum? Weil es eben notwendig ist.Ã„hnlich verhÃ¤lt es sich mit RPA. NatÃ¼rlich werden wir in der nÃ¤chsten Zeit immer ausgeklÃ¼geltere und noch â€œLow codigereâ€ SchnittstellenlÃ¶sungen bekommen, um unsere AblÃ¤ufe zu automatisieren. Es wird aber immer die Notwendigkeit geben, an der ein oder anderen Stelle in einem Prozess einfach direkt mit der OberflÃ¤che interagieren zu kÃ¶nnen.Wir wissen alle, dass es in Unternehmen immer wieder Situationen gibt, in denen Prozesse ineffizient sind. Das wird sich auch in Zukunft nicht sonderlich Ã¤ndern. Selbst wenn es technisch gesehen nicht mehr notwendig wÃ¤re, RPA zu verwenden, wird es wahrscheinlich noch lange existieren, wenn es aus UnternehmensgrÃ¼nden, Zeitmangel oder kommerziellen GrÃ¼nden keine andere MÃ¶glichkeit gibt.RPA ist nur eine von vielen Optionen zur Prozessautomatisierung und wird in Zukunft weiter existieren, auch wenn es in 10 Jahren mÃ¶glicherweise anders heiÃŸt. Letztendlich ist es nur ein Werkzeug, keine Philosophie oder Wissenschaft.Was ist Deine Meinung dazu?Â âœ#rpa#digitalisierung#automatisierung#prozessautomation#mittelstand",-0.9945,0.35,2 ,3,0
Jessica Ong,15-03-2023,"https://lnkd.in/gPJj2-2GChat GPT vs Google Assistant vs Siri vs BixbyWhich AI works better?In my opinion, Chat GPT is more a serious dedicator compiling info rather than we all click on blogs for 100 tools to look for - as an example. Basically, a great virtual assistant for you to compile niched info and even become your greatest blog writer ever. So, would you stop hiring content writer? You can copy and paste the robot's content...but still, gonna need a pair of human eyes to cross check contents and plagiarism. Also, for the free access, it allows mostly 3 usage/ day.However, Chat GPT doesn't talk like Google Assistant or Siri, and normally I will voice talk to google Assistant for some entertainment instead.Is Chat GPT the top Virtual Assistant currently? They are still reading your data based on what you search, just like any other Google SEO functions.#ai#data#content#chatgpt#aitrends#contentwriter",0.8876,0.5201388888888889,0,0,0
Amman Flores Fordan,15-03-2023,"Advance your abilities with possibilities in artificial intelligence that are flexible and work from home task. Apply today.Smart Assistant Validator in Arabic Speaker in#egyptYou will helpâ€¯tune virtual assistants used by billions of people by looking at a task and writing a query for it, validating existing queries, and thinking of different ways of asking the questions.Appen performs basic online tasks to validate the quality and relevance of virtual assistants. This position helps to ensure that people around the world are presented with the most effective and relevant data possible. In other words, your input counts in creating a better user experience.In project Arrow Butler, you will put yourself in the shoes of a smart home user and find different ways of writing specific requests in your local language.Person Specification:Â·Â Â Â Â Â Â We need fluent speakers of various languages across the world, such asArabicÂ speakers living inÂ Egypt.Â·Â Â Â Â Â Â You should be able to write proficiently in your language.Â·Â Â Â Â Â Â You must be able to proficiently read English to understand instructionsÂ·Â Â Â Â Â Â You should frequently check your email for notices from the project team for available workÂ·Â Â Â Â Â Â While not a requirement, it helps to have some familiarity with smart assistants, e.g., Google Assistant, Alexa, and SiriWhat do you need to prepare for Arrow Butler?Â·Â Â Â Â Â Â Access to a stable internetâ€¯connectionÂ·Â Â Â Â Â Â Have a laptop or large-screened device, such as a tabletWhat to expect on Arrow Butler?Â·Â Â Â Â Â Â You can expect Arrow Butler to stay around - it has been operating since 2019Â·Â Â Â Â Â Â You can expect an alert via email whenever work is available in your locale but act quickly - it can go fast!Other Things to know:Â·Â Â Â Â Â Â Review the splash page and acknowledge you want to proceed to the qualificationÂ·Â Â Â Â Â Â Pass the Language Certification quiz (for some languages)Do you want a glimpse into the future of AI virtual assistants? Do you want to improve one of the world's most popular smart home technologies for over half a billion people? Become an Appen Contributor now!Â·Â Â Â Â Â Â Work from home with flexible hoursÂ·Â Â Â Â Â Â Opportunity to participate in more than one task and/or projectsÂ·Â Â Â Â Â Â Earn extra incomeApply Now!https://lnkd.in/giMtUJ2sWhat to expect when you register:Â·Â Â Â Â Â Â Create an Appen AccountÂ·Â Â Â Â Â Â ChooseÂ Arabic (Egypt)Â as your primary language.Â·Â Â Â Â Â Â Complete your profile and project registration [5 min]Â·Â Â Â Â Â Â Study the provided guidelines [at your own pace]Â·Â Â Â Â Â Â Agree to confidentiality and ways of working rulesÂ·Â Â Â Â Â Â Pass the quizThank you and we hope to work with you soon!#egyptianjobs#jobsinegypt#parttimeinegypt#hiringinegypt",0.994,0.4998599439775911,0,2,0
Amman Flores Fordan,15-03-2023,"Advance your abilities with possibilities in artificial intelligence that are flexible and work from home task. Apply today.Smart Assistant Validator in Arabic Speaker in#moroccoYou will helpâ€¯tune virtual assistants used by billions of people by looking at a task and writing a query for it, validating existing queries, and thinking of different ways of asking the questions.Appen performs basic online tasks to validate the quality and relevance of virtual assistants. This position helps to ensure that people around the world are presented with the most effective and relevant data possible. In other words, your input counts in creating a better user experience.In project Arrow Butler, you will put yourself in the shoes of a smart home user and find different ways of writing specific requests in your local language.Person Specification:Â·Â Â Â Â Â Â We need fluent speakers of various languages across the world, such asArabicÂ speakers living inÂ Morocco.Â·Â Â Â Â Â Â You should be able to write proficiently in your language.Â·Â Â Â Â Â Â You must be able to proficiently read English to understand instructionsÂ·Â Â Â Â Â Â You should frequently check your email for notices from the project team for available workÂ·Â Â Â Â Â Â While not a requirement, it helps to have some familiarity with smart assistants, e.g., Google Assistant, Alexa, and SiriWhat do you need to prepare for Arrow Butler?Â·Â Â Â Â Â Â Access to a stable internetâ€¯connectionÂ·Â Â Â Â Â Â Have a laptop or large-screened device, such as a tabletWhat to expect on Arrow Butler?Â·Â Â Â Â Â Â You can expect Arrow Butler to stay around - it has been operating since 2019Â·Â Â Â Â Â Â You can expect an alert via email whenever work is available in your locale but act quickly - it can go fast!Other Things to know:Â·Â Â Â Â Â Â Review the splash page and acknowledge you want to proceed to the qualificationÂ·Â Â Â Â Â Â Pass the Language Certification quiz (for some languages)Do you want a glimpse into the future of AI virtual assistants? Do you want to improve one of the world's most popular smart home technologies for over half a billion people? Become an Appen Contributor now!Â·Â Â Â Â Â Â Work from home with flexible hoursÂ·Â Â Â Â Â Â Opportunity to participate in more than one task and/or projectsÂ·Â Â Â Â Â Â Earn extra incomeApply Now!https://lnkd.in/gTD63mimWhat to expect when you register:Â·Â Â Â Â Â Â Create an Appen AccountÂ·Â Â Â Â Â Â ChooseÂ Arabic (Morocco)Â as your primary language.Â·Â Â Â Â Â Â Complete your profile and project registration [5 min]Â·Â Â Â Â Â Â Study the provided guidelines [at your own pace]Â·Â Â Â Â Â Â Agree to confidentiality and ways of working rulesÂ·Â Â Â Â Â Â Pass the quizThank you and we hope to work with you soon!#moroccojobs#jobsinmorocco#workinmorocco#partimeinmorocco",0.994,0.4998599439775911,0,1,0
Bayron Lara,15-03-2023,"With voice assistant technology becoming increasingly popular, it can be tough to decide which one to use. We've put together a comparison of Alexa, Siri and Google Assistant to help make your choice easier. Read more:",0.7783,0.7708333333333334,0,0,0
Lukasz Szymanski,15-03-2023,"Tomasz OnyszkoWhy are people so triggered by the technical standard of smart contract implementation? Yes, my dear network - NFT - Non-Fungible Token is nothing more than just 9 lines of methods and 3 lines of events that smart contracts should implement if you want it to be compatible with smart contracts that support such standards. You can read more here:https://lnkd.in/dV5GvW5RTomasz Onyszkofuture of any technology isn't determined by the decision of a single big tech company. You are coming fromMicrosoftbackground so let me try to give some examples from your field (thank you chatgpt):Here's a list of projects or technologies that Microsoft either dropped, discontinued, or failed to capitalize on, which later turned out to be successful in the hands of other companies or in different forms:- Tablet PCs: Microsoft introduced the idea of a tablet PC with Windows XP Tablet PC Edition back in 2002. However, the devices didn't gain much traction, and the idea remained dormant until Apple released the iPad in 2010, which revolutionized the tablet market.- Smartphones and mobile operating systems: Microsoft developed Windows Mobile and later Windows Phone as mobile operating systems to compete with iOS and Android. Despite its early presence in the mobile market, Microsoft failed to gain significant market share and eventually discontinued Windows Phone. Meanwhile, iOS and Android continued to dominate the smartphone market.- Wearable technology: Microsoft introduced the SPOT (Smart Personal Objects Technology) watch in 2004, a smartwatch that could display news, weather, and other information. The project was discontinued in 2008. A few years later, companies like Apple, Samsung, and Fitbit successfully launched their own smartwatches and fitness trackers, creating a thriving wearable technology market.- Virtual assistants: Microsoft's Cortana, introduced in 2014, was an early player in the virtual assistant market. However, it failed to gain significant traction compared to competitors like Amazon's Alexa, Google Assistant, and Apple's Siri. While Cortana still exists, its presence and impact in the virtual assistant market are relatively limited.Personally, I am not jumping with excitement when big companies are announcing their involvement in some#web3technology because most of them and their practices, are the reason why this technology exists - but do I use it as social proof to encourage others to try it? YES.Answering your question: They don't get it.Don't blame technology, blame how companies are trying to use it.#nft#web3",0.8744,0.3764550264550264,2 ,4,0
Joseph Babi,15-03-2023,"""Hey Google... Hey Siri... Alexa""Do you catch yourself saying these phrases during your day?As voice assistants like Siri, Alexa, and Google Assistant become more ubiquitous, voice search is quickly becoming the new frontier of search engine optimization (SEO). In fact, in 2022, it's estimated that voice searches accounted for half of all online searches.But how can you optimize your website for voice search? Here are some tips:1. Use conversational keywords: People speak differently than they type, so it's essential to use conversational keywords and long-tail phrases that match how people talk.2. Optimize for featured snippets: Many voice assistants use featured snippets (also known as position zero) to provide answers to voice search queries. Optimizing your content to appear in featured snippets can increase your chances of appearing in voice search results.3. Focus on local search: Many voice searches are location-based, so optimizing for local SEO can increase your visibility in voice search results.4. Improve website speed: Voice assistants prefer websites that load quickly, so it's crucial to optimize your website's speed for better voice search rankings.By optimizing your website for voice search, you can increase your chances of appearing in voice search results and reaching a new audience of potential customers. So, don't overlook this important aspect of SEO!Have you optimized your website for voice search yet? Share your tips and experiences in the comments below!#voicesearch#seo#digitalmarketing#conversationalseo#featuredsnippet#localseo",0.9931,0.5217171717171717,0,0,0
Andrea Petrucci,15-03-2023,"Interesting take on the status of Digital Assistants after the release of ChatGPT. Amazon seems to have failed to fully monetise the Alexa product, and that's despite being it used more widely than Apple's and Google's assistants.They report Satya Nadella as saying:â€œThey were all dumb as a rock,â€ Nadella told the Financial Times last month. â€œWhether itâ€™s Cortana or Alexa or Google Assistant or Siri, all these just donâ€™t work. We had a product that was supposed to be the new front-end to a lot of [information] that didnâ€™t work.â€And while that might be true, some see a possible renaissance ahead for voice assistants.",-0.1027,0.3973829201101928,0,0,0
Mohamed Salah,15-03-2023,"Virtual assistants like Siri, Alexa, and Google Assistant are changing the game when it comes to voice search. By using these tools, users can ask for information or perform tasks without having to type out a query. As a result, businesses need to start thinking about how they can optimize their content for these platforms.Successful voice search optimization for virtual assistants involves understanding the way people use these tools and creating content that is tailored to their needs. For example, users often use natural language when speaking to virtual assistants, so it's important to create content that answers common questions in a conversational way.If you're looking to reach potential customers through virtual assistants, start by thinking about the types of questions they might ask. Then, create content that answers those questions in a clear and concise manner. You can also optimize your website for voice search by using structured data markup to provide additional context for search engines.Overall, virtual assistants are revolutionizing voice search, and businesses that don't adapt risk falling behind. By understanding the unique challenges and opportunities of this technology, you can create content that stands out and reaches your target audience.#voicesearch#seo#digitalmarketing#searchengineoptimization",0.9811,0.6648148148148149,0,0,0
Albert Shum,14-03-2023,"Excited to dive into the report more, thank youDr. John Maedafor your tireless work to put this together for the design community. it's a monumental effort.On Nicholas architecture machine, I was having a discussion with my friendTim Sheineron a stroll in the park on the inquiry, will Chat Interface become the new Operating System for computing platform? Will we revert back to command lines and text based interface, that you need to learn a new way to prompt the machine to do what you want it to do??What are the UX limitations that will need to be overcome for Chat to be a operating system? or this is an inherent bandwidth limited interface as we found with last generation bots like Alexa, Cortina, Google Assistant and Siri?#design#uxdesign#genai#ux",0.7937,0.3383735312306741,0,16,0
Md Khairul Islam Tamim,14-03-2023,"5 Hot Topics in Digital Marketing1. Personalization: Personalization is the practice of tailoring marketing messages and experiences to individual consumers based on their preferences, behaviors, and characteristics. With the wealth of data available through digital channels, companies can use personalization to create more relevant and engaging experiences for their customers.2. Video marketing: Video has become an increasingly important part of digital marketing strategies, as it can be used to convey messages in an engaging and memorable way. From social media videos to YouTube ads to live streaming, video can be a powerful tool for building brand awareness and driving engagement.3. Influencer marketing: Influencer marketing involves partnering with social media influencers to promote a brand or product to their followers. As social media has become more influential in shaping consumer behavior, influencer marketing has emerged as a popular way for brands to reach new audiences and build credibility with their customers.4. Voice search: With the growing popularity of voice assistants like Siri, Alexa, and Google Assistant, optimizing for voice search has become an important consideration for digital marketers. Voice search queries tend to be longer and more conversational than text-based queries, and companies need to adapt their SEO strategies to account for this shift.5. Artificial intelligence: Artificial intelligence (AI) is increasingly being used in digital marketing to automate tasks, improve personalization, and analyze data. From chatbots to predictive analytics, AI can help companies deliver more efficient and effective marketing experiences to their customers.#digitalmarketing#marketing#seo#brand#help#engagement#video#socialmedia#influencermarketing#artificialintelligence#google#building#consumerbehavior",0.9937,0.5287337662337662,0,2,0
Francisco Dalla Rosa Soares,14-03-2023,"Neither engineers nor end users should be having to ""prompt engineer"".engineers should have more powerful ways to control the output and interaction (which actually OpenAI sort of provides through their API with role prompts but it still doesn't feel enough)and end users shouldn't have to bother with that at all.People may say what they want about Google, but I believe they are one of the top (if not _the_ top) company providing seamless integration between AI tech and day to day products (Google assistant's really high understanding capabilities when compared with Siri, Gmail and Docs completion suggestions that have been there for years already, Google translate's above par accuracy - at least for * to English pair of languages) and in a way that's what makes it not stand out: it just looks really natural and obvious.",0.8732,0.3866666666666667,1 ,13,0
Richard Kaufman,14-03-2023,Ralph AveThank You For Your Friendship & Mentorship.ğŸ‡ºğŸ‡¸ Does Your Resume Suck?ğŸ‡ºğŸ‡¸ Are you struggling finding a job after serving this great nation?ğŸ‡ºğŸ‡¸ This interview with Chief Master Sergeant Ralph Ave is truly insightful and inspiring.To listen to this episode say Alexa or Google Assistant or Siri play Vertical Momentum Resiliency Podcast or click herehttps://lnkd.in/dPCxxuJFğŸ‡ºğŸ‡¸ After serving 20 years in The United States ğŸ‡ºğŸ‡¸ Air Force he started to feel the same pain a lot of Veterans feel when they transition out.ğŸ‡ºğŸ‡¸ So he wrote an amazing book ğŸ“– about how to become a Modest leader.ğŸ‡ºğŸ‡¸ He also started a business helping Veterans get high paying jobs by putting together high quality professional resumes.ğŸ‡ºğŸ‡¸ We talk about lessons we learned from our friends and mentors Robert Garcia Lane Belone Nick Valentine Gary Vaynerchuk and Steven Eugene KuhnğŸ‡ºğŸ‡¸ So if you are struggling finding your way in the civilian sector check out his websitehttps://lnkd.in/d4r9GjqATO ENTER TO WIN A FREEEE SHIPMENT OF COFFEE â˜•ï¸ FROM Jose Roberto Alaniz Jr. Third Day Coffee Seguin CLICK HEREhttps://lnkd.in/d2KR9WwiThank you to TEAM VMNATION William Maitre Ginger N David Patrick Burt Daniel Curry Podc Ast Promote R Kennedy Page#airforce#veteran#authorsofinstagram#interview#business#podcast#veterans,0.9737,0.4727777777777777,1 ,2,0
Vitrain,14-03-2023,"La Inteligencia Artificial (AI) estÃ¡ en todas partes y puede que ni siquiera te des cuenta. AquÃ­ tienes cuatro ejemplos de cÃ³mo la IA estÃ¡ cambiando nuestro mundo.ğŸ‘‰ Los asistentes virtuales como Siri de Apple, Alexa de Amazon y Google Assistant utilizan la IA para entender y responder a las preguntas de los usuarios.ğŸ‘‰ Los motores de bÃºsqueda como Google utilizan la IA para proporcionar resultados relevantes y personalizados a los usuarios.ğŸ‘‰ La IA se utiliza para mostrar anuncios relevantes a los usuarios en funciÃ³n de sus intereses y comportamientos.ğŸ‘‰  Los automÃ³viles autÃ³nomos utilizan la IA para reconocer y responder a las seÃ±ales de trÃ¡fico, detectar objetos y tomar decisiones de conducciÃ³n.Â¿QuÃ© te pareciÃ³? Â¿QuÃ© otros usos conoces? DÃ©janos un comentario#ai#inteligenciaartificial#tecnologia#innovacion#vitrain",0.264,1.0,0,3,0
Gaston Algaze,14-03-2023,"During the last couple of months Iâ€™ve been trying out ChatGPT, making sure to do it in a way that would go beyond the novelty, trying to address real life challenges.This is what I found.1. Itâ€™s relatively easy to use, I can see it embedded in almost every aspect of our daily life. Imagine a smarter Siri, Alexa or Google Assistant.While not entirely smooth yet, it will solve most of the hurdles of modern life. All simple questions will be answered, not googled, answered right here right now.2. Thereâ€™s a chance people will become more stupid, by relying on AI as people rely today on a GPS to drive everywhere. Experience will still matter, but if we remove people from building such experience, then weâ€™re really putting our own evolution into the AIâ€™s hands.3. Will my job be impacted by this technology? 100% Yes. Will I lose my job? Look if youâ€™re questioning yourself today whether youâ€™re going to lose your job or not, then you probably will. The question is not whether youâ€™ll lose it or not, the question is how you can take this new tool and apply it to make it your own.4. Iâ€™m pretty sure this will accelerate the lifecycle of many technologies, products and even cultures. Weâ€™re looking at the next real evolutionary stage. And something people don't realize, is that this started not with ChatGPT but many years ago with thousands of other models. AI is coming to stay and we will need to adapt.So now you know what I think the next few years will bring. What's fascinating is that we brought ChatGPT to life by programming it to mirror our own thoughts and expressions. We're now entering a new era where humans won't be the only ones creating things that are uniquely human. There's a growing similarity between the products of human creativity and those of AI. We're even starting to adopt some machine-like characteristics, which makes it easier for robots to learn from us. It's exciting to imagine how humans and robots will work in tandem to achieve incredible feats in the future.So, how do you think AI will impact your world? I'd really like to hear your thoughts...#technology#ai#experience#people#work",0.9835,0.490012225428892,0,23,0
Mariusz Korba,14-03-2023,"Voice Recognition has slipped under your radar!While everyone is talking about ChatGPT, the voice recognition model Whisper (also by OpenAI) might have been underestimated.We all know Siri, Alexa and Google Assistant. But equally, I think many, myself included, are underwhelmed by their accuracy, pushing us back to speak to them with somewhat robotic commands or moving back to typing.At the same time, many people who tried to use ChatGPT found it somewhat inaccurate. Still, I can bet that at least some of that inaccuracy is because they didn't write enough contextual information for the AI to understand the question entirely.I think that with accurate voice recognition, the potential us having a meaningful and precise conversation is much more impressive.With accurate speech â¡ï¸ text will come accurate text â¡ï¸ speech. Take Eleven Labs - their model can understand the context of a text, and with proper voice recognition, it can speak back to you with the tone you'd expect based on the context of that text.So, using Whisper to transcribe our question, GPT to form an accurate and comprehensive response, and the Event Labs to convincingly speak back to us could take our conversations with technology to another level. This would make them more human-like, accurate, and finally useful. Sure, these tools still make some mistakes, but they'll become more capable and helpful with time, and we can already see this.In a business environment, you can imagine meetings/calls where AI automatically takes notes and minutes, extracting key facts, actions, new ideas and who started them. Such notes can then be summarised and even written with the preferred level of detail based on each stakeholder's seniority, needs, knowledge, and interests. Each person can then listen to such a summary at their leisure, making it easier and quicker to digest, like listening to an audiobook vs reading a book - all automatic ğŸ¤–.In fact, with OpenAI recently releasing APIs, you don't need to imagine this. Instead, you can implement such a workflow now!Naturally, there will be many more helpful use cases, but, like with any new technology, privacy concerns will be, and should be, raised as well.#ai#artificialintelligence#future",0.9897,0.4580457351290685,0,5,0
Shreyansh Verma,14-03-2023,"ğŸ”µ A Practical Application of Deep Learning: Virtual AssistantsDeep learning is a subfield of machine learning that uses artificial neural networks to learn from data and perform tasks. One of the applications of deep learning is virtual assistants, such as Alexa, Siri, Google Assistant, etc.Virtual assistants use deep learning to:- Recognize speech and convert it into text- Understand natural language and extract meaning and intent- Manage dialogue and select the best action or response- Generate speech and convert it into speech signalsVirtual assistants offer benefits such as:- Convenience: They can perform tasks without physical interaction or typing- Productivity: They can automate tasks such as scheduling, ordering, booking, etc.- Accessibility: They can assist users with disabilities or special needs- Engagement: They can provide personalized and interactive experiencesVirtual assistants face challenges such as:- Privacy: They require access to user data which may raise privacy concerns- Security: They may be vulnerable to hacking or spoofing attacks- Accuracy: They may not always understand or provide accurate information- Ethics: They may pose ethical dilemmas such as bias, accountability, transparency, etc.Virtual assistants are still evolving and improving with more data, algorithms, and features. They have the potential to become more intelligent, human-like, and ubiquitous in the future.Received message. Here is a shorter version of the article: ``` A Practical Application of Deep Learning: Virtual Assistants Deep learning is a subfield of machine learning that uses artificial neural networks to learn from data and perform tasks. One of the applications of deep learning is virtual assistants, such as Alexa, Siri, Google Assistant, etc. Virtual assistants use deep learning to: - Recognize speech and convert it into text - Understand natural language and extract meaning and intent - Manage dialogue and select the best action or response - Generate speech and convert it into speech signals Virtual assistants offer benefits such as: - Convenience: They can perform tasks without physical interaction or typing - Productivity: They can automate tasks such as scheduling, ordering, booking, etc. - Accessibility: They can assist users with disabilities or special needs - Engagement: They can provide personalized and interactive experiences Virtual assistants face challenges such as: - Privacy: They require access to user data which may raise privacy concerns - Security: They may be vulnerable to hacking or spoofing attacks - Accuracy: They may not always understand or provide accurate information - Ethics: They may pose ethical dilemmas such as bias, accountability, transparency, etc. Virtual assistants are still evolving and improving with more data, algorithms, and features. They have the potential to become more intelligent, human-like, and ubiquitous in the future. ```",0.9917,0.5050054112554112,0,1,0
Nikita Bansal,15-03-2023,"Voice SEO, or optimizing content for voice search, is becoming increasingly important as more people are using voice-activated devices such as smartphones, smart speakers, and virtual assistants like Siri, Google Assistant, and Alexa to search for information online.#voice#SEO#voicesearch#digitalmarketing#SIri#AI#Alexa#nikita#content#google",0.8402,0.6985714285714286,0,1,1 
NewsFlash.one,15-03-2023,"How Siri, Alexa and Google Assistant Lost the A.I. RaceAmazonâ€™s misfires with Alexa may have led Google astray, said a former manager w...Read More -https://lnkd.in/diXk3QuD",-0.3182,0.25,0,0,0
Scott Arpajian,15-03-2023,"Good read from the NY Times on why voice-activated chat devices (Siri, Alexa, Google Assistant) have failed vs. Chatbots (ChatGPT) despite a 10 year head start and heavy investment.",-0.1027,0.4666666666666667,0,0,0
Inside Daily News Paper,15-03-2023,"Bluetooth Speaker Market Provides in-depth analysis of the Industry, with Current Trends and Future Estimations to Elucidate the Investment Pocketshttps://lnkd.in/dBdhC57KA thorough study and analysis of the Bluetooth Speaker industry can be found in the market report on Bluetooth speakers. The study aims to provide practical insights and an outlook on global / regional market growth estimates based on historical growth analysis and the present Bluetooth Speaker market environment. Based on results of significant primary and secondary research, verified data is presented in the study. Data insights are a great tool for facilitating a deeper understanding of many facets of the worldwide market for Bluetooth speakers. They support users' strategic development even more.Global bluetooth speaker market reached a value of US$ 10.1 Billion in 2021, the market to reach US$ 30.4 Billion by 2027, exhibiting at a CAGR of 19.1% during 2022-2027.The loudspeakers or ear buds/air buds that are wirelessly connected over Bluetooth are known as Bluetooth speakers or wireless speakers (radio frequency waves). People have benefited from the ease of living that Bluetooth speakers like Alexa, Google Assistant, and Apple Home Pod have brought about. These Bluetooth speakers make life easier for people and are portable. Because Bluetooth speakers are convenient, most consumers are moving their attention away from the wired speaker market and towards the Bluetooth speaker market. Due to their ease of use and time savings, Bluetooth speakers are popular among both individual users and business users. These speakers have been demonstrated to be shrewd and have increased productivity.The market has grown due to the rising popularity of Bluetooth speakers among millennials and the high degree of product compatibility with other consumer electronics devices. In addition, the growing use of smartphones and the proliferation of applications for streaming video and audio have increased the demand for products globally. Also, consumers' shifting preferences towards wireless speakers over wired ones have increased the market for Bluetooth speakers. The market for the product has also been boosted by the expanding use of Bluetooth in the audio and video sectors as well as the rising desire for battery-powered, low-maintenance devices for outdoor applications.Know More About Bluetooth Speaker Market, Download Sample Report :https://lnkd.in/dfxkBK9HGlobal Bluetooth Speaker Market: Major PlayersAppleBOSEJBLTerratecLogitechViewSonicEdifierShure IncorporatedYAMAHANECPhilipsPioneerSonyGlobal Bluetooth Speaker Market: By TypesAI speakersSingle-speakersDouble-speakersMulti-speakersOthersGlobal Bluetooth Speaker Market: By ApplicationsPersonal UseCommercial UseGlobal Bluetooth Speaker : Regional AnalysisAll the re",0.991,0.39575,0,0,0
Kaadas Smart Door Locks,15-03-2023,"ğŸ“ŒKaadas KA227 Wi-Fi Fingerprint Smart Lockâˆš 3D biometric fingerprint sensor, recognizes your fingerprint in 0.3s â€‹âˆš Remotely control lock or view status from anywhere via Kaadas App â€‹âˆš Works with Amazon Alexa and Google Assistant â€‹âˆš Up to 20 user PIN codes & 50 fingerprintsJust stay tuned to us for more updates!#smarthome#kaadas#homeautomation#kaadaslock#wifilock#KaadasKA227#deadbolt#iot",0.5707,0.4476190476190476,0,2,1 
Tonnie Taller,15-03-2023,"How Siri, Alexa and Google Assistant Lost the A.I.Â Race",-0.3182,0.0,0,0,0
Yakup Ã–ztÃ¼rk,15-03-2023,"KI wird zunehmend in Alltagssituationen eingesetzt, zum Beispiel in intelligenten Lautsprechern und Sprachassistenten wie Amazon Alexa oder Google Assistant, um Nutzeranfragen zu verstehen und darauf zu reagieren.Allerdings nutzen viele Unternehmen KI nur in begrenzten Bereichen. Eine erfolgreiche Integration von KI in den Industrieprozess erfordert einen interdisziplinÃ¤ren Austausch zwischen verschiedenen Parteien und kann mit Aufwand verbunden sein. Um die Vorteile von KI optimal zu nutzen, sollten Unternehmen nicht nur ihre FÃ¤higkeit zur Datensammlung und -haltung einsetzen, sondern auch den Austausch zwischen Datenerzeugern und -nutzern fÃ¶rdern (Data Mesh). Es empfiehlt sich, KI bereits bei der Prozessentwicklung zu berÃ¼cksichtigen und wenn mÃ¶glich zu integrieren, um ihre zukÃ¼nftige Einbindung zu erleichtern. Ein nachtrÃ¤gliches HinzufÃ¼gen von KI kann hingegen zu erhÃ¶hter KomplexitÃ¤t fÃ¼hren - ""Man muss das Eisen schmieden, solange es heiÃŸ ist"".",-0.1779,0.0,0,6,0
IMILAB,15-03-2023,"IMILAB Smart Video Doorbell protects your home day and night. Never worry about lost packages again. ğŸ¡Thanks for the detailed review from @TechOffside. â¤ï¸https://lnkd.in/gwcn5XYMâœ…Instant Alertâœ…4MP/2.5K Superior Visionâœ…5200mAh Battery, 1 Charge =6 Monthsâœ…150Â° Wide Field of Viewâœ…60s Easy Installationâœ…Work with Google Assistant and Amazon Alexaâœ…Local MicroSD Card Storage (up to 256GB) & Could Storageâœ…FREE 30-day Cloud Storage for 3 Months_#imilab#imilabdoorbell#imilabsmartdoorbell#smartdoorbell#doorbell#doorbellcamera#videodoorbell#wirelessdoorbell#securitydoorbell#SmartLife",0.9379,0.7052380952380952,0,2,0
Alexander Steiner,15-03-2023,"ğ—¥ğ—£ğ—” ğ—¶ğ˜€ğ˜ ğ—´ğ—²ğ—»ğ—®ğ˜‚ğ˜€ğ—¼ ğ˜ğ—¼ğ˜ ğ˜„ğ—¶ğ—² ğ—±ğ—¶ğ—² ğ—°ğ—¼ğ—ºğ—ºğ—®ğ—»ğ—± ğ—¹ğ—¶ğ—»ğ—²! âŒSeit Jahrzehnten bekommen wir das Versprechen, dass wir Befehle nicht mehr als Code eingeben mÃ¼ssen.HierfÃ¼r gab es schon die unterschiedlichsten AnsÃ¤tze, die natÃ¼rlich Ã¼ber die Zeit hin immer besser und ausgefeilter wurden.Â  ğŸ™ŒAlternativen fÃ¼r die Command Line sollen nach dem Willen der Entwickler unter anderem sein:ğŸ”¹ Die grafische BenutzeroberflÃ¤che (GUI), die durch Icons, Buttons und MenÃ¼s die Interaktion mit dem Computer erleichtert und weniger technisches Wissen erfordert als die Command Line.ğŸ”¹ Die ""Natural Language Interfaces"", die es ermÃ¶glichen, den Computer in natÃ¼rlicher Sprache zu steuern, Ã¤hnlich wie man mit einem menschlichen GesprÃ¤chspartner sprechen wÃ¼rde.ğŸ”¹ Und nicht zu vergessen Sprachassistenten wie Siri, Google Assistant und Alexa. Auch diese kÃ¶nnten als Alternative zur Command Line betrachtet werden, da sie es ermÃ¶glichen, Aufgaben und Befehle durch Spracheingabe zu steuern.Trotz des Fortschritts auf vielen Gebieten, werden oftmals die Versprechen, die mit der Vorstellung solcher Technologien einhergegangenen sind, selten und meist nur in Teilen gehalten. Fakt ist, dass wir auch heute bei der Bedienung unseres Computers bei bestimmten Aktionen nicht umhinkommen, das Eingabefenster Ã¶ffnen zu mÃ¼ssen und einen entsprechenden Befehl dort einzugeben.ğŸ‘‰  Warum? Weil es eben notwendig ist.Ã„hnlich verhÃ¤lt es sich mit RPA. NatÃ¼rlich werden wir in der nÃ¤chsten Zeit immer ausgeklÃ¼geltere und noch â€œLow codigereâ€ SchnittstellenlÃ¶sungen bekommen, um unsere AblÃ¤ufe zu automatisieren. Es wird aber immer die Notwendigkeit geben, an der ein oder anderen Stelle in einem Prozess einfach direkt mit der OberflÃ¤che interagieren zu kÃ¶nnen.Wir wissen alle, dass es in Unternehmen immer wieder Situationen gibt, in denen Prozesse ineffizient sind. Das wird sich auch in Zukunft nicht sonderlich Ã¤ndern. Selbst wenn es technisch gesehen nicht mehr notwendig wÃ¤re, RPA zu verwenden, wird es wahrscheinlich noch lange existieren, wenn es aus UnternehmensgrÃ¼nden, Zeitmangel oder kommerziellen GrÃ¼nden keine andere MÃ¶glichkeit gibt.RPA ist nur eine von vielen Optionen zur Prozessautomatisierung und wird in Zukunft weiter existieren, auch wenn es in 10 Jahren mÃ¶glicherweise anders heiÃŸt. Letztendlich ist es nur ein Werkzeug, keine Philosophie oder Wissenschaft.Was ist Deine Meinung dazu?Â âœ#rpa#digitalisierung#automatisierung#prozessautomation#mittelstand",-0.9945,0.35,2 ,3,0
Nazmul Hassan,15-03-2023,"Search engine optimization (SEO) is constantly evolving as search engines like Google refine their algorithms and new technologies emerge. Here are some possible trends that could shape the future of SEO:Focus on user intent: As search engines become more sophisticated, they are better able to understand the intent behind a user's search query. This means that optimizing for keywords alone is no longer enough. Instead, SEO will increasingly be about understanding what users are looking for and providing them with relevant content and experiences.Importance of voice search: With the rise of smart speakers and virtual assistants like Amazon Alexa and Google Assistant, voice search is becoming more prevalent. SEO strategies will need to adapt to the unique challenges and opportunities of voice search, such as optimizing for natural language queries and local search.Emphasis on mobile-first indexing: More and more people are accessing the internet on their mobile devices, which has led to Google shifting towards mobile-first indexing. This means that websites that are not optimized for mobile devices may suffer in search rankings. SEO will need to prioritize mobile optimization to ensure visibility in search results.Integration with other channels: SEO is increasingly being integrated with other marketing channels, such as social media, email marketing, and content marketing. A holistic approach that considers how SEO fits into the larger marketing picture will be important.Overall, the future of SEO will likely continue to be shaped by advancements in technology and changes in user behavior. SEO professionals will need to stay up-to-date with the latest trends and adapt their strategies accordingly to remain effective.#searchengines#seo#marketing#searchengineoptimization#contentmarketing#technology",0.9726,0.5490143784786643,0,0,0
Startup Pakistani,15-03-2023,"#Price$14.99Operation Mode Automatically,OffCurrent Rating 15 AmpsBrand Kasa SmartSwitch Style Temperature SwitchMaterial PolycarbonateItem Dimensions LxWxH 3 x 2.6 x 3.9 inchesMounting Type Plug-In MountController Type Google Assistant, Amazon Alexa, AndroidControl Method VoiceConnectivity Protocol Wi-Fihttps://amzn.to/3JHnZBl#amazondeals#amazonfashion#amazongadgets#Amazing#AmazonDealsOfTheDay#amazonproject#amazonproducthunting#amazondiscountcode#amazondelivery#amazonfba#artist#amazondeals#amazon#amazonprime#amazonmusthaves#AmazonPromoCodes#amazingvideo#amazinggrace#amazonfinds#AmazonToday#todaysspecial#today#NewsUpdate#newproduct#technology#electronics#consumerelectronics#consumerelectronics#android#brand#google#mode",0.1779,0.0,0,0,0
Hanif Ullah,15-03-2023,"https://amzn.to/3lcGynh#Price$14.99Operation Mode Automatically,OffCurrent Rating 15 AmpsBrand Kasa SmartSwitch Style Temperature SwitchMaterial PolycarbonateItem Dimensions LxWxH 3 x 2.6 x 3.9 inchesMounting Type Plug-In MountController Type Google Assistant, Amazon Alexa, AndroidControl Method VoiceConnectivity Protocol Wi-Fi",0.1779,0.0,0,0,0
Amman Flores Fordan,15-03-2023,"Advance your abilities with possibilities in artificial intelligence that are flexible and work from home task. Apply today.Smart Assistant Validator in Arabic Speaker in#egyptYou will helpâ€¯tune virtual assistants used by billions of people by looking at a task and writing a query for it, validating existing queries, and thinking of different ways of asking the questions.Appen performs basic online tasks to validate the quality and relevance of virtual assistants. This position helps to ensure that people around the world are presented with the most effective and relevant data possible. In other words, your input counts in creating a better user experience.In project Arrow Butler, you will put yourself in the shoes of a smart home user and find different ways of writing specific requests in your local language.Person Specification:Â·Â Â Â Â Â Â We need fluent speakers of various languages across the world, such asArabicÂ speakers living inÂ Egypt.Â·Â Â Â Â Â Â You should be able to write proficiently in your language.Â·Â Â Â Â Â Â You must be able to proficiently read English to understand instructionsÂ·Â Â Â Â Â Â You should frequently check your email for notices from the project team for available workÂ·Â Â Â Â Â Â While not a requirement, it helps to have some familiarity with smart assistants, e.g., Google Assistant, Alexa, and SiriWhat do you need to prepare for Arrow Butler?Â·Â Â Â Â Â Â Access to a stable internetâ€¯connectionÂ·Â Â Â Â Â Â Have a laptop or large-screened device, such as a tabletWhat to expect on Arrow Butler?Â·Â Â Â Â Â Â You can expect Arrow Butler to stay around - it has been operating since 2019Â·Â Â Â Â Â Â You can expect an alert via email whenever work is available in your locale but act quickly - it can go fast!Other Things to know:Â·Â Â Â Â Â Â Review the splash page and acknowledge you want to proceed to the qualificationÂ·Â Â Â Â Â Â Pass the Language Certification quiz (for some languages)Do you want a glimpse into the future of AI virtual assistants? Do you want to improve one of the world's most popular smart home technologies for over half a billion people? Become an Appen Contributor now!Â·Â Â Â Â Â Â Work from home with flexible hoursÂ·Â Â Â Â Â Â Opportunity to participate in more than one task and/or projectsÂ·Â Â Â Â Â Â Earn extra incomeApply Now!https://lnkd.in/giMtUJ2sWhat to expect when you register:Â·Â Â Â Â Â Â Create an Appen AccountÂ·Â Â Â Â Â Â ChooseÂ Arabic (Egypt)Â as your primary language.Â·Â Â Â Â Â Â Complete your profile and project registration [5 min]Â·Â Â Â Â Â Â Study the provided guidelines [at your own pace]Â·Â Â Â Â Â Â Agree to confidentiality and ways of working rulesÂ·Â Â Â Â Â Â Pass the quizThank you and we hope to work with you soon!#egyptianjobs#jobsinegypt#parttimeinegypt#hiringinegypt",0.994,0.4998599439775911,0,2,0
Amman Flores Fordan,15-03-2023,"Advance your abilities with possibilities in artificial intelligence that are flexible and work from home task. Apply today.Smart Assistant Validator in Arabic Speaker in#moroccoYou will helpâ€¯tune virtual assistants used by billions of people by looking at a task and writing a query for it, validating existing queries, and thinking of different ways of asking the questions.Appen performs basic online tasks to validate the quality and relevance of virtual assistants. This position helps to ensure that people around the world are presented with the most effective and relevant data possible. In other words, your input counts in creating a better user experience.In project Arrow Butler, you will put yourself in the shoes of a smart home user and find different ways of writing specific requests in your local language.Person Specification:Â·Â Â Â Â Â Â We need fluent speakers of various languages across the world, such asArabicÂ speakers living inÂ Morocco.Â·Â Â Â Â Â Â You should be able to write proficiently in your language.Â·Â Â Â Â Â Â You must be able to proficiently read English to understand instructionsÂ·Â Â Â Â Â Â You should frequently check your email for notices from the project team for available workÂ·Â Â Â Â Â Â While not a requirement, it helps to have some familiarity with smart assistants, e.g., Google Assistant, Alexa, and SiriWhat do you need to prepare for Arrow Butler?Â·Â Â Â Â Â Â Access to a stable internetâ€¯connectionÂ·Â Â Â Â Â Â Have a laptop or large-screened device, such as a tabletWhat to expect on Arrow Butler?Â·Â Â Â Â Â Â You can expect Arrow Butler to stay around - it has been operating since 2019Â·Â Â Â Â Â Â You can expect an alert via email whenever work is available in your locale but act quickly - it can go fast!Other Things to know:Â·Â Â Â Â Â Â Review the splash page and acknowledge you want to proceed to the qualificationÂ·Â Â Â Â Â Â Pass the Language Certification quiz (for some languages)Do you want a glimpse into the future of AI virtual assistants? Do you want to improve one of the world's most popular smart home technologies for over half a billion people? Become an Appen Contributor now!Â·Â Â Â Â Â Â Work from home with flexible hoursÂ·Â Â Â Â Â Â Opportunity to participate in more than one task and/or projectsÂ·Â Â Â Â Â Â Earn extra incomeApply Now!https://lnkd.in/gTD63mimWhat to expect when you register:Â·Â Â Â Â Â Â Create an Appen AccountÂ·Â Â Â Â Â Â ChooseÂ Arabic (Morocco)Â as your primary language.Â·Â Â Â Â Â Â Complete your profile and project registration [5 min]Â·Â Â Â Â Â Â Study the provided guidelines [at your own pace]Â·Â Â Â Â Â Â Agree to confidentiality and ways of working rulesÂ·Â Â Â Â Â Â Pass the quizThank you and we hope to work with you soon!#moroccojobs#jobsinmorocco#workinmorocco#partimeinmorocco",0.994,0.4998599439775911,0,1,0
INSERVENCA,15-03-2023,"Nuevos productos para ofrecer mejores serviciosâ¤µï¸Descubre las funciones de la Barra de enchufes Kasa Smart Wi-fi 3 salidasâ–ªï¸3 salidas inteligentes + 2 puertos USB: admite 5 dispositivos simultÃ¡neamente con 3 salidas inteligentes controlables de forma independiente y 2 puertos USB siempre activos. Ideal para cargar dispositivos en el hogar y la oficina.â–ªï¸ProtecciÃ³n contra sobretensiones: la protecciÃ³n contra sobretensiones certificada protege los aparatos y dispositivos electrÃ³nicos sensibles de las sobretensiones repentinas que pueden ocurrir durante las tormentas elÃ©ctricas.â–ªï¸Control desde cualquier lugar: la tira de alimentaciÃ³n Kasa Smart Wi-Fi mÃ¡s la aplicaciÃ³n gratuita Kasa Smart le permite controlar de forma remota los dispositivos conectados a travÃ©s de sus dispositivos mÃ³viles.â–ªï¸Control por voz: compatible con Alexa y Google Assistant. Libera tus manos usando comandos de voz para controlar los dispositivos conectados.â–ªï¸Establezca horarios y temporizadores: cree programas / temporizadores para encender o apagar los enchufes en momentos especÃ­ficos para mejorar la conveniencia y la eficiencia, y reducir el consumo de energÃ­a.#google#tplink#wifi#router#telecomunicaciones#infraestructura#tecnologias#centrodedatos#centrodenegocios",0.8885,0.7321428571428571,0,0,0
Code6,15-03-2023,"The Blink Video Doorbell is down to an all&time low of $35.Amazon has rolled out another sale on smart home devices from its Blink brand, bringing a range of video doorbells and security cameras back down to, or at least near, their lowest prices to date. If you're comfortable with the idea of having an Amazon camera outside of your home, one highlight is the Blink Video Doorbell for $35. That matches the device's all-time low, coming in $15 below Amazon's list price and about $10 off the average street price we've seen in recent months. If you're thinking of picking up a Blink cam for the first time, note that a bundle that pairs the Video Doorbell with the company's Sync Module 2 â€” which lets you view the camera's live feed on-demand and utilize local storage â€” is down to $59, which is about $15 off its usual going rate and $5 more than the best price we've tracked.Blink is essentially the budget counterpart to Amazon's other major smart home subsidiary, Ring. Its Video Doorbell is much more basic than a pricier option like Arlo's Essential Video Doorbell, the top pick from our guide to the best smart home devices, but it still delivers serviceable 1080p video, night vision and the ability to see and speak to people at your door regardless of where you are. The whole thing is relatively easy to install, and it can run off wired power or a couple of AA batteries. Blink says the device can get up to two years of juice, depending on how hard it's put into use.That said, the camera's field of view (135 degrees horizontal, 80 degrees vertical) isn't as wide as higher-end options, and it only works with Amazon's Alexa assistant, not alternative platforms like Apple HomeKit, Google Assistant or IFTTT. And while you don't need any add-ons, the doorbell's storage and live view options are limited without the Sync Module or one of Blink's subscription plans. Without the Module, you'll only receive alerts and a live view when the doorbell senses activity or someone presses its button. Still, this is a worthy option for those looking to install a competent, battery-powered doorbell cam for as little money as possible.Â Beyond the Video Doorbell, other notable deals include a two-camera kit of Blink's Outdoor security cam, another pick from our best smart home device guide, for $104. That's $5 more than the lowest price we've seen. The sale includes several bundles that mix and match various camera options as well.Follow @EngadgetDeals on Twitter and subscribe to the Engadget Deals newsletter for the latest tech deals and buying advice.This article originally appeared on Engadget athttps://lnkd.in/gb2TGFmfhttps://lnkd.in/g8vW-uxH",0.9899,0.4594304388422035,0,0,0
Bayron Lara,15-03-2023,"With voice assistant technology becoming increasingly popular, it can be tough to decide which one to use. We've put together a comparison of Alexa, Siri and Google Assistant to help make your choice easier. Read more:",0.7783,0.7708333333333334,0,0,0
Oracle Tree,13-03-2023,"Exciting news, folks! The buzz around AI and ChatGPT has been hard to miss lately, and we're taking the reins this week to bring you everything you need to know about this game-changing technology.We've got a jam-packed line-up for you, so keep an eye out for our upcoming blog post that will provide you with some incredibly informative insights. But that's not all! We'll be hitting you up every day with fresh and thrilling information about AI that will have you at the edge of your seat. Stay tuned for more updates on this exciting topic!But first, let's take a moment to think about how much we've embraced artificial intelligence (AI) over the past decade. From Siri to Tesla Autopilot, Grammarly to Amazon Alexa, and Google Assistant to ChatGPT, we're living in a world where AI technology is rapidly evolving and becoming more integrated into our daily lives.As we speak, the conversation around AI is heating up across several industries, including digital marketing, design, writing, psychology, education, and tech. And why shouldn't it? The possibilities of AI are endless and can transform the way we work and live.AI technologies have already started to change the way we create content. For example, have you heard of Descript? It's a tool that can transcribe and analyse audio and video content, making editing a breeze. And let's not forget about Canva, which uses machine learning to make personalized design recommendations and is beta-testing Magic Write in their platform. And for those of us in the video editing space, Wav2Lip generates realistic lip-syncing audio for our videos.But AI's impact doesn't stop there. Runway ML can generate or manipulate images, video, and sound using cutting-edge machine learning models.Now, I know some of you might be worried about the rise of AI and its implications for humanity. However, I want to reassure you that we're not in a Terminator 2-style takeover situation just yet. We must weigh the pros and pitfalls of this new frontier and approach it with caution.So, what do you think about the future of AI and its impact on creativity, information, and humanity as a whole? Let's keep the conversation going in the comments below! ğŸ’¬#digitalmarketingagency#socialmediamanagement#youknowyourbusinessbest#marketingstrategy#oracletree#marketingforsmallbusiness#contentmarketing#buildyourbusiness#marketingadvice#chatgpt#ai#machinelearning#artificialintelligence",0.986,0.5099116161616163,0,0,0
Asif Haider,08-03-2023,"ğŸ‰ Attention Military Veterans and Family Members! ğŸ‰Are you interested in a career in AI Machine Learning? ğŸ¤–ğŸ’»Join us on Wednesday, March 8th at 11am CST for a free webinar titled""So you want a career in AI Machine Learning? and affiliated with the military?Â "" ğŸ“…The world of AI and machine learning is expanding at an unprecedented rate, and these technologies are being utilized in various industries, such as healthcare, finance, and transportation. ğŸš€This webinar is designed to provide valuable insights and resources for military veterans and their family members who are interested in transitioning to a career in this exciting field. ğŸ’¡We are thrilled to haveMelody Gratic, M.Ed, CDPÂ®, CEO/Founder of XcelMil, LLC, as our guest for the upcoming webinar. Melody is a highly accomplishedveteran,executive coach,facilitator,keynote speaker,and trainerwith a passion for servant leadership.As the CEO and Founder of XcelMil, LLC, Melody and her team provideleadership consulting,training,and coaching servicesto government, corporate, and nonprofit decision-makers to help them develop high-performing teams.Melody is committed to delivering exceptional, value-based, and relevant services to stakeholders and partners, helping clients achieve their strategic and tactical goals with excellence and a people-centric focus.We are excited to have Melody join us for the webinar to share her expertise and insights on how military veterans and their family members can transition to careers in AI and machine learning.We will discuss the most recent popular use cases of machine learning, including:speech recognition,computer vision,and natural language processing. ğŸ¤ğŸ‘€ğŸ—£ï¸Don't miss out on this opportunity to learn how you can make the transition and succeed in the world of AI and machine learning. We look forward to seeing you there! ğŸ™ŒSome popular use cases that are well down:ğŸ—£ï¸ Amazon Alexa (Amazon)ğŸ“± Google Assistant (Google)ğŸ Siri (Apple)ğŸš˜ Tesla Autopilot (Tesla)ğŸ¬ Netflix recommendation system (Netflix)ğŸ§ Spotify recommendation system (Spotify)ğŸ’» IBM Watson (IBM)ğŸ“Š Salesforce Einstein (Salesforce)ğŸ’» Microsoft Azure Machine Learning (Microsoft)ğŸ–¥ï¸ NVIDIA TensorRT (NVIDIA)",0.9951,0.5336363636363637,18 ,6,8 
Basic IT Center,01-03-2023,"ğŸ§  Machine Learning-Õ¨ ÕÕ Õ¸Õ¬Õ¸Ö€Õ¿Õ« Õ¡Õ´Õ¥Õ¶Õ¡Õ¤Õ«Õ¶Õ¡Õ´Õ«Õ¯ Õ¢Õ¡ÕªÕ«Õ¶Õ¶Õ¥Ö€Õ«Ö Õ§Ö‰Õ„Õ¥Ö„Õ¥Õ¶Õ¡ÕµÕ¡Õ¯Õ¡Õ¶ Õ¸Ö‚Õ½Õ¸Ö‚ÖÕ´Õ¡Õ¶ Õ¡Õ¬Õ£Õ¸Ö€Õ«Õ©Õ´Õ¶Õ¥Ö€Õ¨ Õ¯Õ«Ö€Õ¡Õ¼Õ¾Õ¸Ö‚Õ´ Õ¥Õ¶ Õ¢Õ¡Õ¦Õ´Õ¡Õ©Õ«Õ¾ Õ¢Õ¡Ö€Õ¤ Õ­Õ¶Õ¤Õ«Ö€Õ¶Õ¥Ö€ Õ¬Õ¸Ö‚Õ®Õ¥Õ¬Õ¸Ö‚ Õ°Õ¡Õ´Õ¡Ö€, Õ«Õ¶Õ¹ÕºÕ«Õ½Õ«Ö„ Õ¥Õ¶Õ-  Siri, Google Assistant-  Face Recognition: Face ID-  Shazam-  Google Translate, Google Maps-  Tesla AutopilotğŸ“¢ ÔµÖ€Õ¯Õ¡Ö€ Õ¤Õ¡Õ¤Õ¡Ö€Õ«Ö Õ°Õ¥Õ¿Õ¸#BITC-Õ¸Ö‚Õ´ Õ¯Ö€Õ¯Õ«Õ¶ Õ´Õ¥Õ¯Õ¶Õ¡Ö€Õ¯Õ¸Ö‚Õ´ Õ§ Machine Learning Õ¤Õ¡Õ½Õ¨Õ¶Õ©Õ¡Ö Õ½Õ¯Õ½Õ¶Õ¡Õ¯Õ¶Õ¥Ö€Õ« Õ°Õ¡Õ´Õ¡Ö€Ö‰ğŸ“„ Ô´Õ¡Õ½Õ¨Õ¶Õ©Õ¡ÖÕ« Õ·Ö€Õ»Õ¡Õ¶Õ¡Õ¯Õ¶Õ¥Ö€Õ¸Ö‚Õ´Õâ€¢ Õ¯Õ®Õ¡Õ¶Õ¸Õ©Õ¡Õ¶Õ¡Ö„ Õ´Õ¥Ö„Õ¥Õ¶Õ¡ÕµÕ¡Õ¯Õ¡Õ¶ Õ¸Ö‚Õ½Õ¸Ö‚ÖÕ´Õ¡Õ¶ Õ¡Õ´Õ¢Õ¸Õ²Õ»Õ¡Õ¯Õ¡Õ¶ Õ£Õ¸Ö€Õ®Õ¨Õ¶Õ©Õ¡ÖÕ« Õ°Õ«Õ´Õ¸Ö‚Õ¶Ö„Õ¶Õ¥Ö€Õ«Õ¶Õ Õ¿Õ¾ÕµÕ¡Õ¬Õ¶Õ¥Ö€Õ« Õ°Õ¡Õ¾Õ¡Ö„Õ¡Õ£Ö€Õ¸Ö‚Õ´-Õ¾Õ¥Ö€Õ¬Õ¸Ö‚Õ®Õ¸Ö‚Õ©ÕµÕ¸Ö‚Õ¶Õ«Ö Õ´Õ«Õ¶Õ¹Ö‡#deploymentâ€¢ Õ¯Õ½Õ¸Õ¾Õ¸Ö€Õ¥Ö„ Ö…Õ£Õ¿Õ¾Õ¥Õ¬#PythonÕ®Ö€Õ¡Õ£Ö€Õ¡Õ¾Õ¸Ö€Õ´Õ¡Õ¶ Õ¬Õ¥Õ¦Õ¾Õ«Õ Õ´Õ¥Ö„Õ¥Õ¶Õ¡ÕµÕ¡Õ¯Õ¡Õ¶ Õ¸Ö‚Õ½Õ¸Ö‚ÖÕ´Õ¡Õ¶ Õ´Õ¥Õ» Õ¯Õ«Ö€Õ¡Õ¼Õ¾Õ¸Õ² Õ£Ö€Õ¡Õ¤Õ¡Ö€Õ¡Õ¶Õ¶Õ¥Ö€Õ«Ö (#numpy,#pandas,#pytorch,#huggingface-#transformers, etc.)â€¢ Õ¯Õ¿Õ«Ö€Õ¡ÕºÕ¥Õ¿Õ¥Ö„ Õ¶Õ¥ÕµÖ€Õ¸Õ¶Õ¡ÕµÕ«Õ¶ ÖÕ¡Õ¶ÖÕ¥Ö€Õ« Õ¿Õ¥Õ½Õ¡Õ¯Õ¡Õ¶ Õ°Õ«Õ´Õ¸Ö‚Õ¶Ö„Õ¶Õ¥Ö€Õ«Õ¶, Õ«Õ¶Õ¹ÕºÕ¥Õ½ Õ¶Õ¡Ö‡ Õ¸Õ¬Õ¸Ö€Õ¿Õ¸Ö‚Õ´ Õ¡Õ¶Õ°Ö€Õ¡ÕªÕ¥Õ·Õ¿ Õ¢Õ¡Ö€Õ±Ö€Õ¡Õ£Õ¸Ö‚ÕµÕ¶ Õ´Õ¡Õ©Õ¥Õ´Õ¡Õ¿Õ«Õ¯Õ¡ÕµÕ« Õ£Õ¡Õ²Õ¡ÖƒÕ¡Ö€Õ¶Õ¥Ö€Õ«Õ¶â€¢ Õ¯Õ¯Õ«Ö€Õ¡Õ¼Õ¥Ö„ Õ¿Õ¥Õ½Õ¡Õ¯Õ¡Õ¶ Õ£Õ«Õ¿Õ¥Õ¬Õ«Ö„Õ¶Õ¥Ö€Õ¶ Õ«Ö€Õ¡Õ¯Õ¡Õ¶ Õ¯ÕµÕ¡Õ¶Ö„Õ¸Ö‚Õ´ Õ°Õ¡Õ¶Õ¤Õ«ÕºÕ¸Õ² Õ­Õ¶Õ¤Õ«Ö€Õ¶Õ¥Ö€Õ¨ Õ¬Õ¸Ö‚Õ®Õ¥Õ¬Õ¸Ö‚ Õ°Õ¡Õ´Õ¡Ö€â€¢ Õ¯Õ«Õ´ÕºÕ¬Õ¥Õ´Õ¥Õ¶Õ¿Õ¥Ö„ Õ´Õ¥Ö„Õ¥Õ¶Õ¡ÕµÕ¡Õ¯Õ¡Õ¶ Õ¸Ö‚Õ½Õ¸Ö‚ÖÕ´Õ¡Õ¶ Õ¡Õ¬Õ£Õ¸Ö€Õ«Õ©Õ´Õ¶Õ¥Ö€ Õ©Õ¥Õœ Õ¦Ö€Õ¸ÕµÕ«Ö Ö‡ Õ©Õ¥Õœ Ö…Õ£Õ¿Õ¡Õ£Õ¸Ö€Õ®Õ¥Õ¬Õ¸Õ¾ Õ°Õ¡ÕµÕ¿Õ¶Õ« Õ£Ö€Õ¡Õ¤Õ¡Ö€Õ¡Õ¶Õ¶Õ¥Ö€â€¢ Õ¯Õ¿Õ¥Õ²Õ¥Õ¯Õ¡Õ¶Õ¡Ö„ Õ´Õ¥Ö„Õ¥Õ¶Õ¡ÕµÕ¡Õ¯Õ¡Õ¶ Õ¸Ö‚Õ½Õ¸Ö‚ÖÕ´Õ¡Õ¶#designpattern-Õ¶Õ¥Ö€Õ« Õ´Õ¡Õ½Õ«Õ¶, Õ¸Ö€Õ¸Õ¶Ö„ Õ¶Õ¡Õ­Õ¡Õ¿Õ¥Õ½Õ¾Õ¡Õ® Õ¥Õ¶ Õ°Õ¡Õ³Õ¡Õ­ Õ°Õ¡Õ¶Õ¤Õ«ÕºÕ¸Õ² Õ­Õ¶Õ¤Õ«Ö€Õ¶Õ¥Ö€ Õ¬Õ¸Ö‚Õ®Õ¥Õ¬Õ¸Ö‚ Õ°Õ¡Õ´Õ¡Ö€â–«ï¸ Õ„Õ¥Õ¯Õ¶Õ¡Ö€Õ¯` Ô±ÕºÖ€Õ«Õ¬ğŸ‘¨â€ğŸ’» Ô´Õ¡Õ½Õ¨Õ¶Õ©Õ¡ÖÕ¡Õ¾Õ¡Ö€Õ¶Õ¥Ö€Õ Ô±Ö€Õ¥Õ¶ Ô²Õ¥Õ£Õ¬Õ¡Ö€ÕµÕ¡Õ¶, Ô´Õ¡Õ¾Õ«Õ© Ô³Ö€Õ«Õ£Õ¸Ö€ÕµÕ¡Õ¶Ô³Ö€Õ¡Õ¶ÖÕ´Õ¡Õ¶ Ö‡ Õ´Õ¡Õ¶Ö€Õ¡Õ´Õ¡Õ½Õ¶Õ¥Ö€Õ«Õ¶ Õ®Õ¡Õ¶Õ¸Õ©Õ¡Õ¶Õ¡Õ¬Õ¸Ö‚ Õ°Õ¡Õ´Õ¡Ö€Õhttps://lnkd.in/emDNiwqD#BITC#machinelearning#course",0.0,0.0,0,48,4 
LetÃ­cia Tainara Souza,15-03-2023,"Hey, LinkedIners! Analisando as plataformas digitais, comportamento do consumidor, histÃ³rico de tendÃªncias e evoluÃ§Ãµes, aqui vÃ£o algumas das tendÃªncias de marketing para 2023:ğŸ¤³ğŸ» Marketing de influÃªncia: o marketing de influÃªncia chegou pra ficar e continuarÃ¡ a crescer! Com mais marcas colaborando com influenciadores e criadores de conteÃºdo para alcanÃ§ar pÃºblicos especÃ­ficos (Ã“ a base da Virginia aÃ­, gente! Ela vendeu 150 mil unidades em um fim de semana mesmo com os haters).ğŸ PersonalizaÃ§Ã£o: os consumidores continuam desejando uma experiÃªncia personalizada e relevante, e as empresas estÃ£o investindo cada vez mais em tecnologia e estratÃ©gias para atender a essa demanda.ğŸ“¼ VÃ­deo marketing: o vÃ­deo continua sendo uma das formas mais populares e eficazes de marketing, e as empresas devem continuar a investir em produÃ§Ã£o de vÃ­deo de alta qualidade para atrair e engajar os consumidores (Quer engajar? EntÃ£o investe nisso. A era dos estÃ¡ticos morreu).ğŸ”Š Voice marketing: com o crescente uso de assistentes virtuais como Siri, Alexa e Google Assistant, muitas empresas e marcas estÃ£o comeÃ§ando a adotar estratÃ©gias de marketing por voz para se comunicar com os consumidores de maneira mais eficaz (aqui entra a personalizaÃ§Ã£o tambÃ©m).ğŸ“© Marketing de conteÃºdo: este continuarÃ¡ a desempenhando um papel importante na construÃ§Ã£o de marcas e no envolvimento com os consumidores. As empresas precisarÃ£o investir em conteÃºdo de alta qualidade e em estratÃ©gias de distribuiÃ§Ã£o para se destacar em um mercado cada vez mais competitivo.ğŸ¯ Marketing omnichannel: os consumidores esperam uma experiÃªncia perfeita e consistente em todos os canais de marketing, e as empresas precisam se adaptar a essa demanda, criando estratÃ©gias de marketing omnichannel integradas. O seu consumidor estÃ¡ em todos os canais e Ã© inteligente pensar em estratÃ©gias adaptadas em cada um deles.ğŸ² Marketing baseado em dados: as empresas estÃ£o cada vez mais usando dados para entender e se comunicar com os consumidores de maneira mais eficaz. As empresas devem continuar a investir em tecnologia e estratÃ©gias de anÃ¡lise de dados para obter insights mais precisos e informados sobre seus clientes (segura os prints).ğŸ¤–BÃ”NUS TRACK: Uso de AI em estratÃ©gias e materiais publicitÃ¡rios tambÃ©m Ã© algo que nÃ£o tem volta - e que bom! Se vocÃª Ã© um profissional da Ã¡rea, sugiro comeÃ§ar a integrar programas como MidJourney, ChatGpt, IBM Watson, Salesforce Einstein, Amazon Rekognition, DeepCrawl, Wibbitz e entre outros nas suas campanhas, estratÃ©gias e tomadas de decisÃ£o. Pois como diz a famosa mÃºsica de fim de ano de uma emissora de TV por aÃ­, ""hoje Ã© um novo dia, de um novo tempo que comeÃ§ou. Todos os nossos sonhos, serÃ£o verdade e o futuro jÃ¡ comeÃ§ou"".#marketing#tecnologia#amazon#empresas#salesforce#marketingsensorial#marketing2023#marketingderelacionamento",-0.3956,1.0,3 ,5,0
Kelly Welsh,15-03-2023,"Siri, Alexa, Google Assistant... and the list goes on! Here's a great article on AI assistants from companies likeKrispandCopy.aito help you become more productive. ğŸ‘‡https://gag.gl/c0N00l#genAI#AI#LLM#NLP#productivity",0.7959,0.625,0,0,0
WebSpark Media,15-03-2023,"Liveperson.comfuses the power of bots with a personal touch to give customers an engaging, customized journey through their purchases! Connect with shoppers through their favorite channels like Twitter, Facebook Messenger, Google Assistant, and even Alexa - all while driving sales and keeping them coming back for more. Call Webspark Media today to learn more about AI and how we can help you reach your marketing goals! ğŸ“ (239) 963-8804",0.8829,0.5,0,0,0
Mark Young,15-03-2023,"This article is a tongue in cheek insight into what Google has planned for us whether we like it or not.  He uses Google's hyper-aggressive over-reaction to the launch of Facebook (if you ever used Google+ you know) as a parallel to the current reaction to#chatgptOne particular feature it ""shows off"" in a video (link is in the article) is and AI Bot capturing notes for a Google Meet meeting. He talks about frustration with using Google Assistant, has he ever had to suffer thru even one attempt at dictating an email via Siri? I actually set up a shortcut on my iPhone so I could use Google Assistant over Siri...but I digress. Google is responding to being late to the party by flooding us with AI everything everywhere all at once (see what I did).Interesting to see what may be in store for those heavy Google users.",-0.34,0.3222222222222222,0,0,0
Home Tech Supply,15-03-2023,"Bose Smart Speaker 500 is a premium wireless speaker that combines exceptional sound quality and voice control features. With built-in Amazon Alexa and Google Assistant, this speaker allows you to access your favorite music, radio stations, and podcasts with just your voice. Its sleek and stylish design makes it a perfect addition to any modern home or office, while its advanced technologies ensure immersive sound quality that fills any room. In this era of smart homes, the Bose Smart Speaker 500 is an excellent choice for anyone looking for a versatile and easy-to-use smart speaker.#music#amazon#alexa#speaker#smartspeaker#wirelessspeaker#multiroomaudio#digitalsoundsystem",0.9764,0.7131868131868132,0,0,0
Kenneth Haynes,15-03-2023,This is excitingâ€¦now if they would integrate it with Google Assistantâ€¦ my smart home would be on ğŸ”¥!#ai#google,0.4574,0.6428571428571429,0,0,0
Gajendra Singh Dixit,15-03-2023,"Programmed that ESP 8266 wifi module to get the signal from wifi, created account on IOT platform used the relay switch as electrical switch and used the normal house hold bub and fan to be controlled by the Google ASSistant ;)",0.6369,0.825,0,0,0
RÃ©mon van Riemsdijk,15-03-2023,"""How Siri, Alexa and Google Assistant Lost the A.I. Race"" by BY BRIAN X. CHEN, NICO GRANT AND KAREN WEISE via NYT",0.2342,0.0,0,0,0
Digital Hitmen,15-03-2023,"Search by voice is becoming increasingly popular, 65% of consumers aged 25-49 are using voice search daily.â â For those who may not be familiar, voice search optimisation refers to the process of optimising a website and its content to rank highly in voice search SEO results. With the increasing prevalence of voice assistants like Amazon Echo and Google Home but also Siri, Alexa, and Google Assistant, more and more people are using their voices to get information. The most important factor to note in all of this is convenience.â â This shift in physical action presents a significant opportunity for businesses to reach a larger audience of potential customers through audio search, but it also means that they must adapt their digital marketing strategies to optimise for this channel.â â ",0.953,0.5754910714285715,0,0,0
LetÃ­cia Tainara Souza,15-03-2023,"Hey, LinkedIners! Analisando as plataformas digitais, comportamento do consumidor, histÃ³rico de tendÃªncias e evoluÃ§Ãµes, aqui vÃ£o algumas das tendÃªncias de marketing para 2023:ğŸ¤³ğŸ» Marketing de influÃªncia: o marketing de influÃªncia chegou pra ficar e continuarÃ¡ a crescer! Com mais marcas colaborando com influenciadores e criadores de conteÃºdo para alcanÃ§ar pÃºblicos especÃ­ficos (Ã“ a base da Virginia aÃ­, gente! Ela vendeu 150 mil unidades em um fim de semana mesmo com os haters).ğŸ PersonalizaÃ§Ã£o: os consumidores continuam desejando uma experiÃªncia personalizada e relevante, e as empresas estÃ£o investindo cada vez mais em tecnologia e estratÃ©gias para atender a essa demanda.ğŸ“¼ VÃ­deo marketing: o vÃ­deo continua sendo uma das formas mais populares e eficazes de marketing, e as empresas devem continuar a investir em produÃ§Ã£o de vÃ­deo de alta qualidade para atrair e engajar os consumidores (Quer engajar? EntÃ£o investe nisso. A era dos estÃ¡ticos morreu).ğŸ”Š Voice marketing: com o crescente uso de assistentes virtuais como Siri, Alexa e Google Assistant, muitas empresas e marcas estÃ£o comeÃ§ando a adotar estratÃ©gias de marketing por voz para se comunicar com os consumidores de maneira mais eficaz (aqui entra a personalizaÃ§Ã£o tambÃ©m).ğŸ“© Marketing de conteÃºdo: este continuarÃ¡ a desempenhando um papel importante na construÃ§Ã£o de marcas e no envolvimento com os consumidores. As empresas precisarÃ£o investir em conteÃºdo de alta qualidade e em estratÃ©gias de distribuiÃ§Ã£o para se destacar em um mercado cada vez mais competitivo.ğŸ¯ Marketing omnichannel: os consumidores esperam uma experiÃªncia perfeita e consistente em todos os canais de marketing, e as empresas precisam se adaptar a essa demanda, criando estratÃ©gias de marketing omnichannel integradas. O seu consumidor estÃ¡ em todos os canais e Ã© inteligente pensar em estratÃ©gias adaptadas em cada um deles.ğŸ² Marketing baseado em dados: as empresas estÃ£o cada vez mais usando dados para entender e se comunicar com os consumidores de maneira mais eficaz. As empresas devem continuar a investir em tecnologia e estratÃ©gias de anÃ¡lise de dados para obter insights mais precisos e informados sobre seus clientes (segura os prints).ğŸ¤–BÃ”NUS TRACK: Uso de AI em estratÃ©gias e materiais publicitÃ¡rios tambÃ©m Ã© algo que nÃ£o tem volta - e que bom! Se vocÃª Ã© um profissional da Ã¡rea, sugiro comeÃ§ar a integrar programas como MidJourney, ChatGpt, IBM Watson, Salesforce Einstein, Amazon Rekognition, DeepCrawl, Wibbitz e entre outros nas suas campanhas, estratÃ©gias e tomadas de decisÃ£o. Pois como diz a famosa mÃºsica de fim de ano de uma emissora de TV por aÃ­, ""hoje Ã© um novo dia, de um novo tempo que comeÃ§ou. Todos os nossos sonhos, serÃ£o verdade e o futuro jÃ¡ comeÃ§ou"".#marketing#tecnologia#amazon#empresas#salesforce#marketingsensorial#marketing2023#marketingderelacionamento",-0.3956,1.0,3 ,5,0
Kornel Grunwald,15-03-2023,"That is an interesting one: 'In an interview with the Financial Times, Microsoftâ€™s CEO Satya Nadella labelled the first generation of voice assistants â€œdumb as a rockâ€, including Cortana and Siri from Apple and Alexa and Google Assistant from Google. When asked about voice assistants in 2016, Nadella reportedly said â€œBots are the new appsâ€.'I can follow the logic that the promise of voice bots fell short of expectations and how GPT-related innovation is finally realizing a portion of that potential. But the big gap is still missing. And it was not about 'dumbness' that made bots really annoying.A few years ago, voicebots took centre stage with the promise of revolutionizing customer service and user experience. However, their limited understanding of natural language, context, and complexity made them less effective than anticipated. Users often found themselves frustrated with their interactions, leading to a decline in their adoption. I have heard also how difficult it was for these companies to deal with local dialects and small language fluctuations, and do the proper job to annotate datasets with such voice samples.Then GPT enters the stage. Here are two of the ways in which GPT-powered solutions have outshined voicebots:1. Enhanced natural language understanding: GPT-based models can comprehend context and nuance.2. High-quality generation: GPT-powered AI can create human-like responses.Voicebots may not have lived up to their initial hype, but GPT-related innovation has stepped in to fill that void. But does it really?We still are to see a proper missing link to be provided by new innovation: understanding of our voices.How do understand the human voice, if we just continue to speak as we do - I am not sure if you realize how unusual our patterns of speaking are. But beyond that, how tech can listen to those who struggle with some voice-related disabilities or impairments? Or how to get around the 'weirdness' of non-native speakers being fluent in the new language?These are, by far, not trivial or simple tasks, and as much as I can see the GPT revolution giving us better chances at providing great experience once voice is transcribed into text, it is still far from breaking that frontier and making our voice the main interface with technology.But considering the fact that I personally know a couple of specialists in ML/AI looking into this specific problem, I bet we are in for something big soon.Interesting times.#voice#ai",0.9621,0.3966063069721607,1 ,2,0
Nikita Bansal,15-03-2023,"Voice SEO, or optimizing content for voice search, is becoming increasingly important as more people are using voice-activated devices such as smartphones, smart speakers, and virtual assistants like Siri, Google Assistant, and Alexa to search for information online.#voice#SEO#voicesearch#digitalmarketing#SIri#AI#Alexa#nikita#content#google",0.8402,0.6985714285714286,0,1,1 
NewsFlash.one,15-03-2023,"How Siri, Alexa and Google Assistant Lost the A.I. RaceAmazonâ€™s misfires with Alexa may have led Google astray, said a former manager w...Read More -https://lnkd.in/diXk3QuD",-0.3182,0.25,0,0,0
Inside Daily News Paper,15-03-2023,"Bluetooth Speaker Market Provides in-depth analysis of the Industry, with Current Trends and Future Estimations to Elucidate the Investment Pocketshttps://lnkd.in/dBdhC57KA thorough study and analysis of the Bluetooth Speaker industry can be found in the market report on Bluetooth speakers. The study aims to provide practical insights and an outlook on global / regional market growth estimates based on historical growth analysis and the present Bluetooth Speaker market environment. Based on results of significant primary and secondary research, verified data is presented in the study. Data insights are a great tool for facilitating a deeper understanding of many facets of the worldwide market for Bluetooth speakers. They support users' strategic development even more.Global bluetooth speaker market reached a value of US$ 10.1 Billion in 2021, the market to reach US$ 30.4 Billion by 2027, exhibiting at a CAGR of 19.1% during 2022-2027.The loudspeakers or ear buds/air buds that are wirelessly connected over Bluetooth are known as Bluetooth speakers or wireless speakers (radio frequency waves). People have benefited from the ease of living that Bluetooth speakers like Alexa, Google Assistant, and Apple Home Pod have brought about. These Bluetooth speakers make life easier for people and are portable. Because Bluetooth speakers are convenient, most consumers are moving their attention away from the wired speaker market and towards the Bluetooth speaker market. Due to their ease of use and time savings, Bluetooth speakers are popular among both individual users and business users. These speakers have been demonstrated to be shrewd and have increased productivity.The market has grown due to the rising popularity of Bluetooth speakers among millennials and the high degree of product compatibility with other consumer electronics devices. In addition, the growing use of smartphones and the proliferation of applications for streaming video and audio have increased the demand for products globally. Also, consumers' shifting preferences towards wireless speakers over wired ones have increased the market for Bluetooth speakers. The market for the product has also been boosted by the expanding use of Bluetooth in the audio and video sectors as well as the rising desire for battery-powered, low-maintenance devices for outdoor applications.Know More About Bluetooth Speaker Market, Download Sample Report :https://lnkd.in/dfxkBK9HGlobal Bluetooth Speaker Market: Major PlayersAppleBOSEJBLTerratecLogitechViewSonicEdifierShure IncorporatedYAMAHANECPhilipsPioneerSonyGlobal Bluetooth Speaker Market: By TypesAI speakersSingle-speakersDouble-speakersMulti-speakersOthersGlobal Bluetooth Speaker Market: By ApplicationsPersonal UseCommercial UseGlobal Bluetooth Speaker : Regional AnalysisAll the re",0.991,0.39575,0,1,0
Marc Ferrendier,15-03-2023,"Open Rlink le smartphone XXL dans votre RenaultQuand vous avez travaillÃ© durant de longues annÃ©es ğŸ˜… sur l'Ã©co-systÃ¨me multimÃ©dia Open Rlink, quelle fiertÃ© de voir le fruit de votre travail dans la rue : grands Ã©crans multimÃ©dia dont un beau 12"" vertical aussi rÃ©actif qu'un smartphone derniÃ¨re gÃ©nÃ©ration, Google maps, Waze en natif, Google assistant, Google play avec de multiples applications (L'Ã©quipe, Sybel,...), le tout avec mise Ã  jour Ã  distance par FOTA, sans oublier les doubles prises USB-C Ã  l'avant (recharge et transfert de donnÃ©es) et Ã  l'arriÃ¨re. On retrouve finalement tout l'univers bien connu de son smartphone Ã  l'intÃ©rieur de l'habitacle : aussi pratique, pas de dÃ©paysement, fonctionnel en quelques secondes mais au format XXL. Vraiment un rÃ©gal ! Et ce n'est que le dÃ©but ğŸ˜‰  !#google#waze#renault#multimÃ©dia",0.2462,0.5,1 ,8,0
Kaadas Smart Door Locks,15-03-2023,"ğŸ“ŒKaadas KA227 Wi-Fi Fingerprint Smart Lockâˆš 3D biometric fingerprint sensor, recognizes your fingerprint in 0.3s â€‹âˆš Remotely control lock or view status from anywhere via Kaadas App â€‹âˆš Works with Amazon Alexa and Google Assistant â€‹âˆš Up to 20 user PIN codes & 50 fingerprintsJust stay tuned to us for more updates!#smarthome#kaadas#homeautomation#kaadaslock#wifilock#KaadasKA227#deadbolt#iot",0.5707,0.4476190476190476,0,3,2 
Tonnie Taller,15-03-2023,"How Siri, Alexa and Google Assistant Lost the A.I.Â Race",-0.3182,0.0,0,0,0
Yakup Ã–ztÃ¼rk,15-03-2023,"KI wird zunehmend in Alltagssituationen eingesetzt, zum Beispiel in intelligenten Lautsprechern und Sprachassistenten wie Amazon Alexa oder Google Assistant, um Nutzeranfragen zu verstehen und darauf zu reagieren.Allerdings nutzen viele Unternehmen KI nur in begrenzten Bereichen. Eine erfolgreiche Integration von KI in den Industrieprozess erfordert einen interdisziplinÃ¤ren Austausch zwischen verschiedenen Parteien und kann mit Aufwand verbunden sein. Um die Vorteile von KI optimal zu nutzen, sollten Unternehmen nicht nur ihre FÃ¤higkeit zur Datensammlung und -haltung einsetzen, sondern auch den Austausch zwischen Datenerzeugern und -nutzern fÃ¶rdern (Data Mesh). Es empfiehlt sich, KI bereits bei der Prozessentwicklung zu berÃ¼cksichtigen und wenn mÃ¶glich zu integrieren, um ihre zukÃ¼nftige Einbindung zu erleichtern. Ein nachtrÃ¤gliches HinzufÃ¼gen von KI kann hingegen zu erhÃ¶hter KomplexitÃ¤t fÃ¼hren - ""Man muss das Eisen schmieden, solange es heiÃŸ ist"".",-0.1779,0.0,0,7,0
IMILAB,15-03-2023,"IMILAB Smart Video Doorbell protects your home day and night. Never worry about lost packages again. ğŸ¡Thanks for the detailed review from @TechOffside. â¤ï¸https://lnkd.in/gwcn5XYMâœ…Instant Alertâœ…4MP/2.5K Superior Visionâœ…5200mAh Battery, 1 Charge =6 Monthsâœ…150Â° Wide Field of Viewâœ…60s Easy Installationâœ…Work with Google Assistant and Amazon Alexaâœ…Local MicroSD Card Storage (up to 256GB) & Could Storageâœ…FREE 30-day Cloud Storage for 3 Months_#imilab#imilabdoorbell#imilabsmartdoorbell#smartdoorbell#doorbell#doorbellcamera#videodoorbell#wirelessdoorbell#securitydoorbell#SmartLife",0.9379,0.7052380952380952,0,3,0
Marwa Khost Jarkas,15-03-2023,"Last year, I was approached byWIREDfor a feature related to what Tech companies are doing to ensure the Arabic language becomes more universally gender neutral.It is a BIG question for sure, as there is so much to do in that field. Arabic is a gendered language, similar to many other languages including, but not limited to, Hindi, Hebrew, French, German, Spanish, etc. For many of those gendered languages, masculine nouns and pronouns have been often used with a generic function to refer to both men and women. This being said, all languages evolve with time and the Arabic language has the appropriate means to be an inclusive language. It is on the speakers and users of the language, as well as, other responsible players (including tech companies, academic organizations, language councils etc) to take part in the evolution of the language to meet the changing needs and development of the society.Here is a quick snippet from the article.Google says it respects diversity, equality, inclusion, and integrity and encourages the expression of these values through inclusive language in its content. For Arabic, as well as other languages (particularly gendered ones), Google uses gender-neutral alternatives, enumerates both forms instead of defaulting to the universal masculine form, and feminizes job titles functions, and grades where applicable. Google Assistant also understands up to 19 colloquial Arabic languages and responds in gender-neutral Modern Standard Arabic.â€œWe have clear inclusive languageÂ guidelines and weâ€™re continuously tryingÂ to implement them in as many productsÂ and content types as possible,â€ saysÂ Marwa Khost Jarkas, communicationsÂ manager at Google MENA. â€œInclusiveÂ language is the language that avoids theÂ use of expressions or words that might beÂ considered to exclude or offend particularÂ groups of people. In other words, it isÂ meant to be a respectful language that is devoid of biases, stereotypes, andÂ potentially offensive, triggering, or exclusionary language.â€ThanksIain Akermanfor this opportunity and for raising this topic.What are your thoughts?EN:https://lnkd.in/dyAdJmVCAR:https://shortest.link/kxns",0.9799,0.3360670194003526,0,35,0
Alexander Steiner,15-03-2023,"ğ—¥ğ—£ğ—” ğ—¶ğ˜€ğ˜ ğ—´ğ—²ğ—»ğ—®ğ˜‚ğ˜€ğ—¼ ğ˜ğ—¼ğ˜ ğ˜„ğ—¶ğ—² ğ—±ğ—¶ğ—² ğ—°ğ—¼ğ—ºğ—ºğ—®ğ—»ğ—± ğ—¹ğ—¶ğ—»ğ—²! âŒSeit Jahrzehnten bekommen wir das Versprechen, dass wir Befehle nicht mehr als Code eingeben mÃ¼ssen.HierfÃ¼r gab es schon die unterschiedlichsten AnsÃ¤tze, die natÃ¼rlich Ã¼ber die Zeit hin immer besser und ausgefeilter wurden.Â  ğŸ™ŒAlternativen fÃ¼r die Command Line sollen nach dem Willen der Entwickler unter anderem sein:ğŸ”¹ Die grafische BenutzeroberflÃ¤che (GUI), die durch Icons, Buttons und MenÃ¼s die Interaktion mit dem Computer erleichtert und weniger technisches Wissen erfordert als die Command Line.ğŸ”¹ Die ""Natural Language Interfaces"", die es ermÃ¶glichen, den Computer in natÃ¼rlicher Sprache zu steuern, Ã¤hnlich wie man mit einem menschlichen GesprÃ¤chspartner sprechen wÃ¼rde.ğŸ”¹ Und nicht zu vergessen Sprachassistenten wie Siri, Google Assistant und Alexa. Auch diese kÃ¶nnten als Alternative zur Command Line betrachtet werden, da sie es ermÃ¶glichen, Aufgaben und Befehle durch Spracheingabe zu steuern.Trotz des Fortschritts auf vielen Gebieten, werden oftmals die Versprechen, die mit der Vorstellung solcher Technologien einhergegangenen sind, selten und meist nur in Teilen gehalten. Fakt ist, dass wir auch heute bei der Bedienung unseres Computers bei bestimmten Aktionen nicht umhinkommen, das Eingabefenster Ã¶ffnen zu mÃ¼ssen und einen entsprechenden Befehl dort einzugeben.ğŸ‘‰  Warum? Weil es eben notwendig ist.Ã„hnlich verhÃ¤lt es sich mit RPA. NatÃ¼rlich werden wir in der nÃ¤chsten Zeit immer ausgeklÃ¼geltere und noch â€œLow codigereâ€ SchnittstellenlÃ¶sungen bekommen, um unsere AblÃ¤ufe zu automatisieren. Es wird aber immer die Notwendigkeit geben, an der ein oder anderen Stelle in einem Prozess einfach direkt mit der OberflÃ¤che interagieren zu kÃ¶nnen.Wir wissen alle, dass es in Unternehmen immer wieder Situationen gibt, in denen Prozesse ineffizient sind. Das wird sich auch in Zukunft nicht sonderlich Ã¤ndern. Selbst wenn es technisch gesehen nicht mehr notwendig wÃ¤re, RPA zu verwenden, wird es wahrscheinlich noch lange existieren, wenn es aus UnternehmensgrÃ¼nden, Zeitmangel oder kommerziellen GrÃ¼nden keine andere MÃ¶glichkeit gibt.RPA ist nur eine von vielen Optionen zur Prozessautomatisierung und wird in Zukunft weiter existieren, auch wenn es in 10 Jahren mÃ¶glicherweise anders heiÃŸt. Letztendlich ist es nur ein Werkzeug, keine Philosophie oder Wissenschaft.Was ist Deine Meinung dazu?Â âœ#rpa#digitalisierung#automatisierung#prozessautomation#mittelstand",-0.9945,0.35,2 ,4,0
Fortunatos - In-House Marketing Agency,15-03-2023,"ğŸ™„ Why did Google abandon AI two years ago?Two years ago, developers Daniel De Freitas and Noam Shazir developed the most powerful chatbot at the time. However, Google management denied them access to the chatbot to other researchers, an attempt to integrate it into the virtual assistant Google Assistant, and a public demonstration.The company argued its position that the program does not meet the standards for the safety and fairness of the AI system.The developers left Google in 2021 and are developing their ownCharacter.Aiproject.After the release of ChatGPT, Google did return to the idea of its own chatbot, partially based on the technology developed by De Freitas and Shazir. But the company doesn't seem to mind the lost time. The management of the company is convinced that they create a product for years, and it must meet all the strict safety rules.Do you think Google has lost its golden age?#technology#ai#management#safety#project#google",0.5656,0.4341666666666667,0,2,1 
The Hindu,15-03-2023,"#Technology|#HPon Tuesday launched a new Chromebook laptop powered by Intelâ€™s Celeron N4500 processor to meet the needs of students. The affordable Chromebook comes in 15.6-inch screen size.For connectivity, HP has used Wi-Fi6 and claims up to 11.5 hours of battery life. The HP Chromebook comes with a dedicated numeric keypad and oversized touchpad. It is compatible to Office365 with access to Google Assistant, Google Classroom.",0.5423,0.4545454545454545,0,2,0
Allen Joel,15-03-2023,"Let's talk about the ""Top 5 Ai tools in trend""Top 5 AI Tools in Trend for BusinessesIn today's fast-paced business world, automation and artificial intelligence are becoming increasingly popular. AI tools can help businesses streamline their operations, make better decisions, and improve customer experiences. In this article, we'll take a look at the top 5 AI tools that are currently trending.Dialogflow: Dialogflow is a conversational AI platform that allows businesses to create chatbots and virtual assistants. It's easy to use and integrates with multiple platforms, including Google Assistant, Facebook Messenger, and Slack. Dialogflow allows businesses to automate their customer service and improve the overall customer experience.TensorFlow: TensorFlow is an open-source machine learning platform that allows businesses to build and train AI models. It's popular among developers because it's easy to use and has a large community. TensorFlow can be used for a variety of applications, including image and speech recognition, natural language processing, and recommendation systems.H2O.ai:H2O.aiis another open-source machine learning platform that's gaining popularity. It's known for its ease of use and its ability to scale, making it ideal for businesses of all sizes.H2O.aican be used for a variety of applications, including fraud detection, customer segmentation, and predictive maintenance.Azure Machine Learning: Azure Machine Learning is a cloud-based machine learning platform that's part of Microsoft's Azure suite of tools. It's designed to help businesses build, train, and deploy machine learning models. Azure Machine Learning is known for its scalability, security, and ease of use.IBM Watson: IBM Watson is a suite of AI tools that includes natural language processing, speech recognition, and machine learning. It's one of the most popular AI platforms and is used by businesses of all sizes. IBM Watson can be used for a variety of applications, including chatbots, virtual assistants, and predictive analytics.In conclusion, AI tools are becoming increasingly important for businesses to stay competitive in today's market. The tools mentioned in this article are just a few examples of the many AI tools available. Each tool has its own strengths and weaknesses, so it's important to choose the one that's right for your business's needs.#ai#business#artificialintelligence#machinelearning#futuretech#futuretechnology#aiforbusiness#technology#trendsinai#aitrend#aiforbusinessgrowth#aitechnology#tensorflow",0.9948,0.6196649029982363,0,0,0
LetÃ­cia Tainara Souza,15-03-2023,"Hey, LinkedIners! Analisando as plataformas digitais, comportamento do consumidor, histÃ³rico de tendÃªncias e evoluÃ§Ãµes, aqui vÃ£o algumas das tendÃªncias de marketing para 2023:ğŸ¤³ğŸ» Marketing de influÃªncia: o marketing de influÃªncia chegou pra ficar e continuarÃ¡ a crescer! Com mais marcas colaborando com influenciadores e criadores de conteÃºdo para alcanÃ§ar pÃºblicos especÃ­ficos (Ã“ a base da Virginia aÃ­, gente! Ela vendeu 150 mil unidades em um fim de semana mesmo com os haters).ğŸ PersonalizaÃ§Ã£o: os consumidores continuam desejando uma experiÃªncia personalizada e relevante, e as empresas estÃ£o investindo cada vez mais em tecnologia e estratÃ©gias para atender a essa demanda.ğŸ“¼ VÃ­deo marketing: o vÃ­deo continua sendo uma das formas mais populares e eficazes de marketing, e as empresas devem continuar a investir em produÃ§Ã£o de vÃ­deo de alta qualidade para atrair e engajar os consumidores (Quer engajar? EntÃ£o investe nisso. A era dos estÃ¡ticos morreu).ğŸ”Š Voice marketing: com o crescente uso de assistentes virtuais como Siri, Alexa e Google Assistant, muitas empresas e marcas estÃ£o comeÃ§ando a adotar estratÃ©gias de marketing por voz para se comunicar com os consumidores de maneira mais eficaz (aqui entra a personalizaÃ§Ã£o tambÃ©m).ğŸ“© Marketing de conteÃºdo: este continuarÃ¡ a desempenhando um papel importante na construÃ§Ã£o de marcas e no envolvimento com os consumidores. As empresas precisarÃ£o investir em conteÃºdo de alta qualidade e em estratÃ©gias de distribuiÃ§Ã£o para se destacar em um mercado cada vez mais competitivo.ğŸ¯ Marketing omnichannel: os consumidores esperam uma experiÃªncia perfeita e consistente em todos os canais de marketing, e as empresas precisam se adaptar a essa demanda, criando estratÃ©gias de marketing omnichannel integradas. O seu consumidor estÃ¡ em todos os canais e Ã© inteligente pensar em estratÃ©gias adaptadas em cada um deles.ğŸ² Marketing baseado em dados: as empresas estÃ£o cada vez mais usando dados para entender e se comunicar com os consumidores de maneira mais eficaz. As empresas devem continuar a investir em tecnologia e estratÃ©gias de anÃ¡lise de dados para obter insights mais precisos e informados sobre seus clientes (segura os prints).ğŸ¤–BÃ”NUS TRACK: Uso de AI em estratÃ©gias e materiais publicitÃ¡rios tambÃ©m Ã© algo que nÃ£o tem volta - e que bom! Se vocÃª Ã© um profissional da Ã¡rea, sugiro comeÃ§ar a integrar programas como MidJourney, ChatGpt, IBM Watson, Salesforce Einstein, Amazon Rekognition, DeepCrawl, Wibbitz e entre outros nas suas campanhas, estratÃ©gias e tomadas de decisÃ£o. Pois como diz a famosa mÃºsica de fim de ano de uma emissora de TV por aÃ­, ""hoje Ã© um novo dia, de um novo tempo que comeÃ§ou. Todos os nossos sonhos, serÃ£o verdade e o futuro jÃ¡ comeÃ§ou"".#marketing#tecnologia#amazon#empresas#salesforce#marketingsensorial#marketing2023#marketingderelacionamento",-0.3956,1.0,3 ,6,0
