Username,Comment sentiment,Comment subjectivity,Date,Likes,Replies,Link
              @michaelporter-lo9qc            ,-0.6232,0.765327380952381,23-02-2023,383,100,https://www.youtube.com/watch?v=oz2n-rQCWzI
              @walterf6993            ,0.9661,0.6097619047619047,23-02-2023,76,4,https://www.youtube.com/watch?v=oz2n-rQCWzI
              @gretchen9716            ,0.9501,0.5509090909090909,23-02-2023,31,1,https://www.youtube.com/watch?v=oz2n-rQCWzI
              @melissalarson2569            ,0.9628,0.95,23-02-2023,44,15,https://www.youtube.com/watch?v=oz2n-rQCWzI
              @joenorthpeigan3197            ,0.9719,0.5666666666666667,23-02-2023,19,0,https://www.youtube.com/watch?v=oz2n-rQCWzI
              @misscrikey23            ,0.8591,0.55,03-06-2023,9,0,https://www.youtube.com/watch?v=oz2n-rQCWzI
              @ronniesearcy6602            ,0.3612,0.5,03-02-2023,13,1,https://www.youtube.com/watch?v=oz2n-rQCWzI
              @matronista            ,0.4588,0.52,03-09-2023,3,0,https://www.youtube.com/watch?v=oz2n-rQCWzI
              @adriankoola6754            ,-0.5543,0.5666666666666668,03-11-2023,11,5,https://www.youtube.com/watch?v=oz2n-rQCWzI
              @wheeler3073            ,0.9485,0.32499999999999996,23-02-2023,44,2,https://www.youtube.com/watch?v=oz2n-rQCWzI
              @galestandardsllc2802            ,-0.8801,0.5310894660894661,23-02-2023,8,1,https://www.youtube.com/watch?v=oz2n-rQCWzI
              @Chosen2376            ,0.8872,0.43472222222222223,03-07-2023,6,1,https://www.youtube.com/watch?v=oz2n-rQCWzI
              @jenihansen7201            ,0.5719,0.0,23-02-2023,6,0,https://www.youtube.com/watch?v=oz2n-rQCWzI
              @bonniebulow7654            ,0.5229,0.0,23-02-2023,14,0,https://www.youtube.com/watch?v=oz2n-rQCWzI
              @jillchandler8532            ,0.8433,0.8,23-02-2023,4,0,https://www.youtube.com/watch?v=oz2n-rQCWzI
              @coinhoarder432            ,0.8516,0.265,23-02-2023,7,0,https://www.youtube.com/watch?v=oz2n-rQCWzI
              @karintraut8151            ,0.5859,0.9,23-02-2023,5,0,https://www.youtube.com/watch?v=oz2n-rQCWzI
              @SpadeAce            ,0.0,0.38500000000000006,23-02-2023,10,10,https://www.youtube.com/watch?v=oz2n-rQCWzI
              @slaven6999            ,-0.6369,0.5,03-07-2023,2,0,https://www.youtube.com/watch?v=oz2n-rQCWzI
              @michelletrew4872            ,0.9948,0.6416666666666666,23-02-2023,4,3,https://www.youtube.com/watch?v=oz2n-rQCWzI
              @SirPhillip            ,0.2263,0.35,None,50,21,https://www.youtube.com/watch?v=oz2n-rQCWzI
              @twenty8988            ,0.8834,0.9,03-10-2023,1,0,https://www.youtube.com/watch?v=oz2n-rQCWzI
              @Belialith            ,0.9299,0.48055555555555557,03-11-2023,0,1,https://www.youtube.com/watch?v=oz2n-rQCWzI
              @derekbeaucage6895            ,0.9282,0.5215401785714285,None,7,0,https://www.youtube.com/watch?v=oz2n-rQCWzI
              @kurtwinslow2670            ,0.875,0.6,23-02-2023,6,1,https://www.youtube.com/watch?v=oz2n-rQCWzI
              @johnvictor1682            ,0.0,0.0,03-07-2023,6,0,https://www.youtube.com/watch?v=oz2n-rQCWzI
              @skylight1198            ,-0.4939,1.0,03-02-2023,8,3,https://www.youtube.com/watch?v=oz2n-rQCWzI
              @jasonbrenner7184            ,0.4144,0.9,03-07-2023,0,0,https://www.youtube.com/watch?v=oz2n-rQCWzI
              @impermanenthuman8427            ,0.9698,0.5247619047619048,23-02-2023,12,0,https://www.youtube.com/watch?v=oz2n-rQCWzI
              @zversus107            ,-0.8176,0.22129629629629632,03-05-2023,4,1,https://www.youtube.com/watch?v=oz2n-rQCWzI
              @deerwolfunlimited            ,0.6597,0.26666666666666666,03-06-2023,2,0,https://www.youtube.com/watch?v=oz2n-rQCWzI
              @Mitzi73            ,0.0,0.3666666666666667,03-06-2023,3,1,https://www.youtube.com/watch?v=oz2n-rQCWzI
              @soy7927            ,0.0,0.5,23-02-2023,5,0,https://www.youtube.com/watch?v=oz2n-rQCWzI
              @scott7943            ,0.8934,0.0,03-07-2023,0,0,https://www.youtube.com/watch?v=oz2n-rQCWzI
              @CoolBreezeAnthony            ,-0.1793,0.3375,14-03-2023,0,0,https://www.youtube.com/watch?v=oz2n-rQCWzI
              @richardwhite3456            ,0.7076,0.5178571428571428,03-02-2023,5,0,https://www.youtube.com/watch?v=oz2n-rQCWzI
              @alanprifogle3222            ,0.6369,0.0,03-05-2023,1,0,https://www.youtube.com/watch?v=oz2n-rQCWzI
              @samfredrick6663            ,-0.9545,0.6666666666666666,23-02-2023,9,6,https://www.youtube.com/watch?v=oz2n-rQCWzI
              @John3.16..            ,0.636,0.0,03-08-2023,1,0,https://www.youtube.com/watch?v=oz2n-rQCWzI
              @halfcrazyoldchristianredne895            ,0.0,0.06666666666666667,23-02-2023,9,11,https://www.youtube.com/watch?v=oz2n-rQCWzI
              @ineedjesus7411            ,-0.5574,0.5,03-12-2023,1,0,https://www.youtube.com/watch?v=oz2n-rQCWzI
              @marybernstein6498            ,0.6588,0.75,03-02-2023,3,0,https://www.youtube.com/watch?v=oz2n-rQCWzI
              @pierregauthier6999            ,0.4767,0.9166666666666666,03-02-2023,6,0,https://www.youtube.com/watch?v=oz2n-rQCWzI
              @precioussmyles            ,0.4767,1.0,03-05-2023,10,2,https://www.youtube.com/watch?v=oz2n-rQCWzI
              @sidomunculproducts            ,-0.128,1.0,23-02-2023,21,15,https://www.youtube.com/watch?v=oz2n-rQCWzI
              @richardwhite3456            ,0.6129,0.38,03-02-2023,2,0,https://www.youtube.com/watch?v=oz2n-rQCWzI
              @anthonyashley7050            ,0.3612,0.0,13-03-2023,0,0,https://www.youtube.com/watch?v=oz2n-rQCWzI
              @faithoverfear1009            ,0.0,0.2,23-02-2023,39,9,https://www.youtube.com/watch?v=oz2n-rQCWzI
              @shawnkiesel5349            ,0.5371,0.0,03-06-2023,2,0,https://www.youtube.com/watch?v=oz2n-rQCWzI
              @jsensei402            ,0.8074,1.0,03-02-2023,4,0,https://www.youtube.com/watch?v=oz2n-rQCWzI
              @saltandpepper155            ,-0.7805,0.3966666666666666,23-02-2023,2,0,https://www.youtube.com/watch?v=oz2n-rQCWzI
              @uhevnal7783            ,0.6369,1.0,03-07-2023,0,0,https://www.youtube.com/watch?v=oz2n-rQCWzI
              @thegodofsilence5580            ,0.0,1.0,03-02-2023,4,0,https://www.youtube.com/watch?v=oz2n-rQCWzI
              @danielnorman8595            ,0.765,0.6,23-02-2023,1,0,https://www.youtube.com/watch?v=oz2n-rQCWzI
              @carolweepers4003            ,0.0,0.0,23-02-2023,2,0,https://www.youtube.com/watch?v=oz2n-rQCWzI
              @robynhefferan9561            ,0.0,0.21666666666666667,23-02-2023,1,0,https://www.youtube.com/watch?v=oz2n-rQCWzI
              @loidapyle8238            ,0.7783,0.2,23-02-2023,3,1,https://www.youtube.com/watch?v=oz2n-rQCWzI
              @SirPhillip            ,0.8938,0.6,23-02-2023,2,0,https://www.youtube.com/watch?v=oz2n-rQCWzI
              @patricklannon7011            ,0.6696,0.6,03-02-2023,2,0,https://www.youtube.com/watch?v=oz2n-rQCWzI
              @michaelcrowhorse-chavez6582            ,0.7783,0.6666666666666666,03-02-2023,3,0,https://www.youtube.com/watch?v=oz2n-rQCWzI
              @justinschans1979            ,0.4926,0.6000000000000001,03-02-2023,3,0,https://www.youtube.com/watch?v=oz2n-rQCWzI
              @420Yako            ,-0.2023,0.325,03-05-2023,3,6,https://www.youtube.com/watch?v=oz2n-rQCWzI
              @stewiefy            ,0.128,0.0,03-12-2023,0,0,https://www.youtube.com/watch?v=oz2n-rQCWzI
              @thecreature9465            ,0.1841,0.2,03-11-2023,0,0,https://www.youtube.com/watch?v=oz2n-rQCWzI
              @evsmpmt-hx4ct            ,0.5994,0.0,03-03-2023,0,0,https://www.youtube.com/watch?v=oz2n-rQCWzI
              @edwardwoods5977            ,0.0,0.6019480519480519,None,3,0,https://www.youtube.com/watch?v=oz2n-rQCWzI
              @KEW-pd1jn            ,0.7634,0.6,23-02-2023,4,2,https://www.youtube.com/watch?v=oz2n-rQCWzI
              @advisorsandy2068            ,0.8092,0.8333333333333334,03-07-2023,2,2,https://www.youtube.com/watch?v=oz2n-rQCWzI
              @walmartynotc            ,0.0,0.30000000000000004,03-12-2023,0,0,https://www.youtube.com/watch?v=oz2n-rQCWzI
              @andremelton6173            ,0.2732,0.0,03-09-2023,0,0,https://www.youtube.com/watch?v=oz2n-rQCWzI
              @OffTheRailGaming            ,0.3612,0.0,03-09-2023,0,0,https://www.youtube.com/watch?v=oz2n-rQCWzI
              @burner7247            ,0.7506,0.0,03-11-2023,0,0,https://www.youtube.com/watch?v=oz2n-rQCWzI
              @unitytechfuture7409            ,0.4215,0.0,03-08-2023,0,0,https://www.youtube.com/watch?v=oz2n-rQCWzI
              @ScottBrown-kn6md            ,0.5803,0.26666666666666666,23-02-2023,2,1,https://www.youtube.com/watch?v=oz2n-rQCWzI
              @jaleesa00            ,0.0,0.3,03-07-2023,2,0,https://www.youtube.com/watch?v=oz2n-rQCWzI
              @titanjde            ,0.0,0.4,23-02-2023,1,0,https://www.youtube.com/watch?v=oz2n-rQCWzI
              @PhyllisHall-ks8vn            ,0.6902,0.8,None,0,0,https://www.youtube.com/watch?v=oz2n-rQCWzI
              @ronaldgray7830            ,-0.6552,0.6869047619047618,03-02-2023,3,0,https://www.youtube.com/watch?v=oz2n-rQCWzI
              @damianwhite504            ,0.6597,0.6000000000000001,23-02-2023,2,0,https://www.youtube.com/watch?v=oz2n-rQCWzI
              @MichaelsPaintingChannel            ,0.0,0.0,03-08-2023,0,0,https://www.youtube.com/watch?v=oz2n-rQCWzI
              @julianjones9767            ,0.695,0.5714285714285714,03-10-2023,0,0,https://www.youtube.com/watch?v=oz2n-rQCWzI
              @apersononurphone920            ,0.5994,1.0,03-05-2023,0,0,https://www.youtube.com/watch?v=oz2n-rQCWzI
              @ballorbeats787            ,0.296,0.0,13-03-2023,0,0,https://www.youtube.com/watch?v=oz2n-rQCWzI
              @dumitrubaruta9936            ,0.3182,0.5,03-05-2023,0,3,https://www.youtube.com/watch?v=oz2n-rQCWzI
              @solarpanel9085            ,0.4767,1.0,03-06-2023,0,0,https://www.youtube.com/watch?v=oz2n-rQCWzI
              @cristiancaprar5506            ,0.9349,0.6428571428571429,03-09-2023,4,0,https://www.youtube.com/watch?v=oz2n-rQCWzI
              @QuadHealer            ,0.9837,0.37878787878787873,03-12-2023,1,0,https://www.youtube.com/watch?v=oz2n-rQCWzI
              @reginaldsinclair152            ,-0.9752,0.3535714285714286,03-02-2023,7,0,https://www.youtube.com/watch?v=oz2n-rQCWzI
              @lucianmaximus4741            ,0.5562,0.5,03-07-2023,0,0,https://www.youtube.com/watch?v=oz2n-rQCWzI
              @GLOGEL            ,0.1511,0.0,16-03-2023,0,0,https://www.youtube.com/watch?v=oz2n-rQCWzI
              @WalkToPoland            ,0.0,0.275,03-06-2023,2,1,https://www.youtube.com/watch?v=oz2n-rQCWzI
              @Hambone3773            ,0.6486,0.4125,03-11-2023,0,0,https://www.youtube.com/watch?v=oz2n-rQCWzI
              @zazo.7            ,0.0,0.0,03-11-2023,0,0,https://www.youtube.com/watch?v=oz2n-rQCWzI
              @christianmoreno7390            ,0.8604,0.0,03-07-2023,0,0,https://www.youtube.com/watch?v=oz2n-rQCWzI
              @yhjo521            ,-0.2732,0.8273809523809523,03-09-2023,0,0,https://www.youtube.com/watch?v=oz2n-rQCWzI
              @iconofsin1043            ,0.5719,0.7035714285714286,None,1,1,https://www.youtube.com/watch?v=oz2n-rQCWzI
              @Hambone3773            ,0.9852,0.515625,None,0,0,https://www.youtube.com/watch?v=oz2n-rQCWzI
              @heleneot            ,0.0,0.0,23-02-2023,5,0,https://www.youtube.com/watch?v=oz2n-rQCWzI
              @GSpotter63            ,-0.6115,0.6875,03-10-2023,1,0,https://www.youtube.com/watch?v=oz2n-rQCWzI
              @adamrios3141            ,0.3182,0.0,16-03-2023,0,0,https://www.youtube.com/watch?v=oz2n-rQCWzI
              @FirstnameLastname-qt1qn            ,-0.3214,0.45,None,2,2,https://www.youtube.com/watch?v=oz2n-rQCWzI
              @xXBLACKOPS28Xx            ,0.4215,0.7,03-04-2023,4,0,https://www.youtube.com/watch?v=oz2n-rQCWzI
              @etienjoseph1            ,-0.6808,0.14444444444444446,03-08-2023,0,0,https://www.youtube.com/watch?v=oz2n-rQCWzI
              @jacobmorin485            ,0.4019,0.1,03-07-2023,2,1,https://www.youtube.com/watch?v=oz2n-rQCWzI
              @adrianwijesuriya9164            ,0.9229,0.8,03-02-2023,1,0,https://www.youtube.com/watch?v=oz2n-rQCWzI
              @TrollMcLolTheFirst            ,0.8979,0.6666666666666666,15-03-2023,0,0,https://www.youtube.com/watch?v=oz2n-rQCWzI
              @GandarDooM            ,0.9697,0.4092063492063492,None,0,0,https://www.youtube.com/watch?v=oz2n-rQCWzI
              @marianalazarevic1210            ,-0.7906,0.3805555555555555,03-07-2023,0,0,https://www.youtube.com/watch?v=oz2n-rQCWzI
              @macallan1010            ,0.7735,1.0,03-07-2023,0,0,https://www.youtube.com/watch?v=oz2n-rQCWzI
              @johngarvin646            ,0.3182,0.0,03-10-2023,0,0,https://www.youtube.com/watch?v=oz2n-rQCWzI
              @bamboo1763            ,0.7506,0.3333333333333333,03-07-2023,0,0,https://www.youtube.com/watch?v=oz2n-rQCWzI
              @iamhudsdent2759            ,-0.7008,0.6078431372549019,03-08-2023,0,0,https://www.youtube.com/watch?v=oz2n-rQCWzI
              @ClassicChristianRadio            ,0.3612,0.5,03-07-2023,1,0,https://www.youtube.com/watch?v=oz2n-rQCWzI
              @jeffmasa5530            ,-0.234,0.626530612244898,None,0,2,https://www.youtube.com/watch?v=oz2n-rQCWzI
              @alanprifogle3222            ,0.0,0.0,03-05-2023,0,0,https://www.youtube.com/watch?v=oz2n-rQCWzI
              @2390Rick            ,0.6369,0.57,03-05-2023,1,0,https://www.youtube.com/watch?v=oz2n-rQCWzI
              @BennyNegroFromQueens            ,0.0,0.5535714285714286,03-12-2023,0,0,https://www.youtube.com/watch?v=oz2n-rQCWzI
              @petercomeau7540            ,0.4926,0.2,03-09-2023,1,0,https://www.youtube.com/watch?v=oz2n-rQCWzI
              @servantofallah3113            ,0.0,0.0,03-11-2023,0,0,https://www.youtube.com/watch?v=oz2n-rQCWzI
              @SirPhillip            ,0.0,0.0,23-02-2023,1,0,https://www.youtube.com/watch?v=oz2n-rQCWzI
              @micheleus9251            ,-0.6908,0.24444444444444444,03-12-2023,0,0,https://www.youtube.com/watch?v=oz2n-rQCWzI
              @scarlett_j            ,0.7351,0.7208333333333333,03-12-2023,0,0,https://www.youtube.com/watch?v=oz2n-rQCWzI
              @christinepontecorvo5449            ,0.0,0.14444444444444446,23-02-2023,1,0,https://www.youtube.com/watch?v=oz2n-rQCWzI
              @zachdyer            ,0.1245,0.26875,03-09-2023,0,4,https://www.youtube.com/watch?v=oz2n-rQCWzI
              @coreyihler            ,0.3182,0.0,03-05-2023,0,0,https://www.youtube.com/watch?v=oz2n-rQCWzI
              @mauibabe1711            ,0.8616,0.37714285714285717,23-02-2023,5,3,https://www.youtube.com/watch?v=oz2n-rQCWzI
              @garaseer584            ,-0.8519,0.15000000000000002,03-02-2023,4,1,https://www.youtube.com/watch?v=oz2n-rQCWzI
              @BC-mb3yv            ,-0.0258,0.6333333333333333,03-08-2023,0,0,https://www.youtube.com/watch?v=oz2n-rQCWzI
              @Huffstuff420            ,0.9241,0.5411904761904762,03-09-2023,0,0,https://www.youtube.com/watch?v=oz2n-rQCWzI
              @pontiacowl6727            ,0.0,0.06666666666666667,03-08-2023,0,1,https://www.youtube.com/watch?v=oz2n-rQCWzI
              @TakinErEasyHere            ,0.4719,0.5178571428571428,03-07-2023,1,3,https://www.youtube.com/watch?v=oz2n-rQCWzI
              @ctisct            ,-0.1278,0.49166666666666664,03-11-2023,0,2,https://www.youtube.com/watch?v=oz2n-rQCWzI
              @peterantonacci            ,0.2263,0.0,03-02-2023,0,0,https://www.youtube.com/watch?v=oz2n-rQCWzI
              @coreyihler            ,0.4767,0.762962962962963,03-05-2023,1,0,https://www.youtube.com/watch?v=oz2n-rQCWzI
              @TimurIshuov            ,-0.8658,1.0,03-09-2023,0,0,https://www.youtube.com/watch?v=oz2n-rQCWzI
              @cashabea            ,0.0,0.0,23-02-2023,1,0,https://www.youtube.com/watch?v=oz2n-rQCWzI
              @shaysdy3357            ,0.0,0.0,23-02-2023,1,0,https://www.youtube.com/watch?v=oz2n-rQCWzI
              @raya.p.l5919            ,-0.5859,0.6,03-08-2023,0,0,https://www.youtube.com/watch?v=oz2n-rQCWzI
              @kraku1930            ,0.4215,0.0,03-04-2023,1,0,https://www.youtube.com/watch?v=oz2n-rQCWzI
              @bluedragon2027            ,0.3034,0.7,03-08-2023,0,0,https://www.youtube.com/watch?v=oz2n-rQCWzI
              @shanemaddox5049            ,-0.2626,0.65,03-09-2023,0,0,https://www.youtube.com/watch?v=oz2n-rQCWzI
              @alexandersmith1507            ,0.4404,0.85,03-07-2023,2,1,https://www.youtube.com/watch?v=oz2n-rQCWzI
              @brieziethirteen13            ,0.0,1.0,15-03-2023,0,0,https://www.youtube.com/watch?v=oz2n-rQCWzI
              @sherwincolina8684            ,0.4215,0.65,03-05-2023,1,2,https://www.youtube.com/watch?v=oz2n-rQCWzI
              @TimotheeLee            ,-0.1431,1.0,03-08-2023,0,0,https://www.youtube.com/watch?v=oz2n-rQCWzI
              @jahmusicmansionwhererealre3920            ,-0.8931,0.42500000000000004,03-02-2023,1,0,https://www.youtube.com/watch?v=oz2n-rQCWzI
              @weawaken838            ,0.0,0.0,03-07-2023,1,0,https://www.youtube.com/watch?v=oz2n-rQCWzI
              @TakinErEasyHere            ,0.8959,0.6722222222222222,03-07-2023,1,1,https://www.youtube.com/watch?v=oz2n-rQCWzI
              @BennyNegroFromQueens            ,0.7277,0.5,None,0,0,https://www.youtube.com/watch?v=oz2n-rQCWzI
              @JesusReignsSupreme            ,-0.3353,0.29523809523809524,14-03-2023,0,0,https://www.youtube.com/watch?v=oz2n-rQCWzI
              @franksam6818            ,0.4071,0.9,23-02-2023,2,0,https://www.youtube.com/watch?v=oz2n-rQCWzI
              @jessstirland8338            ,0.5106,0.75,03-09-2023,0,0,https://www.youtube.com/watch?v=oz2n-rQCWzI
              @faithoverfear1009            ,0.0,0.5,23-02-2023,8,3,https://www.youtube.com/watch?v=oz2n-rQCWzI
              @drewbladen1668            ,0.0,0.0,03-07-2023,1,0,https://www.youtube.com/watch?v=oz2n-rQCWzI
              @krustysurfer            ,0.0,0.5,23-02-2023,3,1,https://www.youtube.com/watch?v=oz2n-rQCWzI
              @rsahota5325            ,0.743,0.3833333333333333,03-08-2023,0,2,https://www.youtube.com/watch?v=oz2n-rQCWzI
              @quinyvancamp            ,0.0,0.0,03-02-2023,1,0,https://www.youtube.com/watch?v=oz2n-rQCWzI
              @thomascorbett2936            ,0.0,0.0,03-08-2023,0,0,https://www.youtube.com/watch?v=oz2n-rQCWzI
              @queenrainbowakamumabear5583            ,-0.5615,0.4,03-11-2023,0,0,https://www.youtube.com/watch?v=oz2n-rQCWzI
              @Shekinah806            ,0.3612,0.0,03-02-2023,0,0,https://www.youtube.com/watch?v=oz2n-rQCWzI
              @ronvosick8253            ,-0.4141,0.9444444444444444,23-02-2023,0,2,https://www.youtube.com/watch?v=oz2n-rQCWzI
              @SSdragon666            ,-0.5411,0.0,03-08-2023,0,0,https://www.youtube.com/watch?v=oz2n-rQCWzI
              @GnosticChild            ,-0.5994,0.0,03-08-2023,0,0,https://www.youtube.com/watch?v=oz2n-rQCWzI
              @terry1892            ,0.2732,1.0,03-08-2023,1,0,https://www.youtube.com/watch?v=oz2n-rQCWzI
              @godstomper            ,0.0,0.0,03-05-2023,0,0,https://www.youtube.com/watch?v=oz2n-rQCWzI
              @louisvega4565            ,0.4019,0.5,03-10-2023,0,0,https://www.youtube.com/watch?v=oz2n-rQCWzI
              @loveyahshayah8855            ,0.0,0.0,03-08-2023,0,0,https://www.youtube.com/watch?v=oz2n-rQCWzI
              @carolinelalumiere4834            ,-0.6656,1.0,16-03-2023,0,0,https://www.youtube.com/watch?v=oz2n-rQCWzI
              @rosetingle9076            ,0.0772,0.5,23-02-2023,1,0,https://www.youtube.com/watch?v=oz2n-rQCWzI
              @ryancang3627            ,0.7227,0.5,23-02-2023,0,0,https://www.youtube.com/watch?v=oz2n-rQCWzI
              @m.o.grecords8263            ,0.0,0.0,23-02-2023,1,0,https://www.youtube.com/watch?v=oz2n-rQCWzI
              @MrJosedaluz            ,0.0,0.0,03-09-2023,0,0,https://www.youtube.com/watch?v=oz2n-rQCWzI
              @masono1P41            ,0.0,0.0,23-02-2023,0,0,https://www.youtube.com/watch?v=oz2n-rQCWzI
              @bryansmith7238            ,0.1566,0.7699999999999999,03-09-2023,0,0,https://www.youtube.com/watch?v=oz2n-rQCWzI
              @firerock6026            ,-0.4019,0.9,03-02-2023,1,0,https://www.youtube.com/watch?v=oz2n-rQCWzI
              @gollymissholly8791            ,0.6369,0.3,13-03-2023,0,0,https://www.youtube.com/watch?v=oz2n-rQCWzI
              @theIAM7776            ,0.6369,0.5888888888888889,23-02-2023,0,0,https://www.youtube.com/watch?v=oz2n-rQCWzI
              @crazycreations1857            ,-0.4767,0.9,23-02-2023,0,4,https://www.youtube.com/watch?v=oz2n-rQCWzI
              @kimgillham321            ,-0.8442,0.1875,03-09-2023,0,0,https://www.youtube.com/watch?v=oz2n-rQCWzI
              @partoeg807            ,0.0,0.4,03-11-2023,0,0,https://www.youtube.com/watch?v=oz2n-rQCWzI
              @birossangma4405            ,0.925,0.5666666666666667,None,0,0,https://www.youtube.com/watch?v=oz2n-rQCWzI
              @donanz3914            ,-0.3612,1.0,23-02-2023,2,0,https://www.youtube.com/watch?v=oz2n-rQCWzI
              @timothycarson7804            ,0.2023,0.0,03-07-2023,1,0,https://www.youtube.com/watch?v=oz2n-rQCWzI
              @larry1824            ,-0.296,0.0,03-07-2023,0,0,https://www.youtube.com/watch?v=oz2n-rQCWzI
              @praise2932            ,0.5859,1.0,03-02-2023,0,0,https://www.youtube.com/watch?v=oz2n-rQCWzI
              @katyhopy5109            ,-0.4215,0.0,03-07-2023,1,0,https://www.youtube.com/watch?v=oz2n-rQCWzI
              @thegiantrubberduckyssqueek3163            ,0.5994,0.0,03-11-2023,0,0,https://www.youtube.com/watch?v=oz2n-rQCWzI
              @laronanderson3922            ,-0.4588,0.0,03-02-2023,0,1,https://www.youtube.com/watch?v=oz2n-rQCWzI
              @ZoraTheExplora            ,-0.8569,0.6462962962962963,03-07-2023,0,0,https://www.youtube.com/watch?v=oz2n-rQCWzI
              @noshtsherlock497            ,-0.6597,0.1,03-10-2023,0,0,https://www.youtube.com/watch?v=oz2n-rQCWzI
              @richardwich3492            ,0.3612,0.2606060606060606,None,0,0,https://www.youtube.com/watch?v=oz2n-rQCWzI
              @Huffstuff420            ,0.1779,0.8500000000000001,03-09-2023,0,0,https://www.youtube.com/watch?v=oz2n-rQCWzI
              @anythingdiy577            ,0.0,0.5,03-11-2023,0,0,https://www.youtube.com/watch?v=oz2n-rQCWzI
              @FinalEyes777            ,0.3109,0.5125,03-07-2023,1,0,https://www.youtube.com/watch?v=oz2n-rQCWzI
              @ryanedwards2668            ,0.9233,0.1,03-12-2023,0,0,https://www.youtube.com/watch?v=oz2n-rQCWzI
              @rareremix            ,0.0,0.0,03-07-2023,1,0,https://www.youtube.com/watch?v=oz2n-rQCWzI
              @galvaseus4734            ,0.0,0.2,14-03-2023,0,0,https://www.youtube.com/watch?v=oz2n-rQCWzI
              @rebeckahaubertin3637            ,0.0,0.0,23-02-2023,0,0,https://www.youtube.com/watch?v=oz2n-rQCWzI
              @mlbreel            ,0.2732,0.0,03-08-2023,0,0,https://www.youtube.com/watch?v=oz2n-rQCWzI
              @shinmalestat9272            ,0.0,0.1,03-08-2023,0,0,https://www.youtube.com/watch?v=oz2n-rQCWzI
              @sirvicemanone            ,0.0,0.0,03-02-2023,1,0,https://www.youtube.com/watch?v=oz2n-rQCWzI
              @coreyihler            ,-0.2263,0.21363636363636362,03-05-2023,0,0,https://www.youtube.com/watch?v=oz2n-rQCWzI
              @benjamindavis6148            ,0.2732,0.0,03-04-2023,0,0,https://www.youtube.com/watch?v=oz2n-rQCWzI
              @MUHAMMADALI-xr6vk            ,-0.1531,1.0,16-03-2023,0,0,https://www.youtube.com/watch?v=oz2n-rQCWzI
              @jimmieswaggerap27            ,0.3321,0.4981818181818182,03-08-2023,0,0,https://www.youtube.com/watch?v=oz2n-rQCWzI
              @restlessascension3260            ,0.9847,0.4875,03-07-2023,0,0,https://www.youtube.com/watch?v=oz2n-rQCWzI
              @drowzy2309            ,0.3818,0.5584415584415585,03-05-2023,0,0,https://www.youtube.com/watch?v=oz2n-rQCWzI
              @benpravecek2418            ,0.6249,0.0,03-07-2023,0,1,https://www.youtube.com/watch?v=oz2n-rQCWzI
              @PauloDLara            ,0.4215,0.7,None,0,0,https://www.youtube.com/watch?v=oz2n-rQCWzI
              @Adexter23            ,0.3182,0.35000000000000003,None,1,0,https://www.youtube.com/watch?v=oz2n-rQCWzI
              @arturogomez7026            ,0.7066,0.1,03-10-2023,1,0,https://www.youtube.com/watch?v=oz2n-rQCWzI
              @miterogenari1217            ,0.2732,1.0,23-02-2023,0,67,https://www.youtube.com/watch?v=oz2n-rQCWzI
              @TheInfinityOK            ,0.974,0.47222222222222227,03-08-2023,0,0,https://www.youtube.com/watch?v=oz2n-rQCWzI
              @ronaldgray7830            ,-0.296,0.65,23-02-2023,0,0,https://www.youtube.com/watch?v=oz2n-rQCWzI
              @doucheworldorder            ,0.0,0.3,23-02-2023,0,0,https://www.youtube.com/watch?v=oz2n-rQCWzI
              @veronicamalsi266            ,0.4215,0.7,03-12-2023,0,0,https://www.youtube.com/watch?v=oz2n-rQCWzI
              @BurninBushMaster            ,0.0,0.0,03-09-2023,0,0,https://www.youtube.com/watch?v=oz2n-rQCWzI
              @khaosgoddess-ne4zo            ,-0.5267,0.5333333333333333,03-07-2023,0,0,https://www.youtube.com/watch?v=oz2n-rQCWzI
              @kylesdraftvideos            ,-0.4404,0.48125,03-02-2023,0,1,https://www.youtube.com/watch?v=oz2n-rQCWzI
              @kacythomas1327            ,0.0,0.0,03-08-2023,0,0,https://www.youtube.com/watch?v=oz2n-rQCWzI
              @keithawhosoever5384            ,-0.128,0.5,03-06-2023,0,0,https://www.youtube.com/watch?v=oz2n-rQCWzI
              @masterp401            ,-0.6476,0.0,03-06-2023,0,0,https://www.youtube.com/watch?v=oz2n-rQCWzI
              @cosmic4037            ,0.0,0.0,03-08-2023,0,1,https://www.youtube.com/watch?v=oz2n-rQCWzI
              @hana.s.5203            ,0.2609,0.5,15-03-2023,0,0,https://www.youtube.com/watch?v=oz2n-rQCWzI
              @antonthewall9495            ,0.0,0.0,03-12-2023,0,0,https://www.youtube.com/watch?v=oz2n-rQCWzI
              @nosretep1960            ,0.0,0.0,23-02-2023,0,0,https://www.youtube.com/watch?v=oz2n-rQCWzI
              @alexlightworker9207            ,-0.802,1.0,03-07-2023,0,29,https://www.youtube.com/watch?v=oz2n-rQCWzI
              @user-mi8gg3nv6r            ,0.0,0.0,03-08-2023,1,0,https://www.youtube.com/watch?v=oz2n-rQCWzI
              @mieczysawkowalski7382            ,0.0,0.0,03-06-2023,0,0,https://www.youtube.com/watch?v=oz2n-rQCWzI
              @kingfree3396            ,-0.765,0.6666666666666666,23-02-2023,3,55,https://www.youtube.com/watch?v=oz2n-rQCWzI
              Steven Hanson            ,-0.6705,0.6962962962962963,16-02-2023,5,2,https://www.youtube.com/watch?v=s6-E5oLRtFI
              Robert Bernard            ,0.0,0.15,14-03-2023,0,0,https://www.youtube.com/watch?v=s6-E5oLRtFI
              Onedisaster Attatime            ,-0.5994,0.0,16-02-2023,10,0,https://www.youtube.com/watch?v=s6-E5oLRtFI
              R L            ,0.0,0.0,16-02-2023,0,1,https://www.youtube.com/watch?v=s6-E5oLRtFI
              TJ            ,-0.3544,0.35714285714285715,16-02-2023,7,3,https://www.youtube.com/watch?v=s6-E5oLRtFI
              Monkey Guy80            ,0.4199,0.0,03-04-2023,2,0,https://www.youtube.com/watch?v=s6-E5oLRtFI
              Daniel Wilcox            ,0.7088,0.8,16-02-2023,15,2,https://www.youtube.com/watch?v=s6-E5oLRtFI
              Christoph Ross            ,0.4215,0.55,03-10-2023,0,0,https://www.youtube.com/watch?v=s6-E5oLRtFI
              Ed H            ,-0.431,0.225,None,11,0,https://www.youtube.com/watch?v=s6-E5oLRtFI
